0.2047,20-05-2020 10:35:52,1589963752
0.20469,20-05-2020 10:35:52,1589963752
0.20467,20-05-2020 10:35:52,1589963752
0.20465,20-05-2020 10:35:52,1589963752
0.20465,20-05-2020 10:35:52,1589963752
0.20486,20-05-2020 10:35:57,1589963757
0.20486,20-05-2020 10:35:58,1589963758
0.20486,20-05-2020 10:35:58,1589963758
0.20486,20-05-2020 10:36:01,1589963761
0.20486,20-05-2020 10:36:01,1589963761
0.20487,20-05-2020 10:36:01,1589963761
0.20489,20-05-2020 10:36:01,1589963761
0.20489,20-05-2020 10:36:01,1589963761
0.20489,20-05-2020 10:36:01,1589963761
0.20489,20-05-2020 10:36:01,1589963761
0.20489,20-05-2020 10:36:01,1589963761
0.20489,20-05-2020 10:36:01,1589963761
0.20489,20-05-2020 10:36:01,1589963761
0.20486,20-05-2020 10:36:02,1589963761
0.20486,20-05-2020 10:36:02,1589963761
0.20489,20-05-2020 10:36:02,1589963762
0.20489,20-05-2020 10:36:02,1589963762
0.20489,20-05-2020 10:36:02,1589963762
0.20489,20-05-2020 10:36:02,1589963762
0.20489,20-05-2020 10:36:02,1589963762
0.2049,20-05-2020 10:36:02,1589963762
0.20493,20-05-2020 10:36:02,1589963762
0.20494,20-05-2020 10:36:02,1589963762
0.20494,20-05-2020 10:36:02,1589963762
0.20495,20-05-2020 10:36:02,1589963762
0.20495,20-05-2020 10:36:02,1589963762
0.20495,20-05-2020 10:36:02,1589963762
0.20495,20-05-2020 10:36:02,1589963762
0.20495,20-05-2020 10:36:02,1589963762
0.20496,20-05-2020 10:36:03,1589963762
0.20497,20-05-2020 10:36:03,1589963762
0.20499,20-05-2020 10:36:03,1589963762
0.205,20-05-2020 10:36:03,1589963762
0.20502,20-05-2020 10:36:03,1589963762
0.20503,20-05-2020 10:36:03,1589963762
0.20505,20-05-2020 10:36:03,1589963762
0.20506,20-05-2020 10:36:03,1589963762
0.20508,20-05-2020 10:36:03,1589963762
0.20509,20-05-2020 10:36:03,1589963762
0.20512,20-05-2020 10:36:03,1589963762
0.20515,20-05-2020 10:36:03,1589963762
0.20516,20-05-2020 10:36:03,1589963762
0.20523,20-05-2020 10:36:03,1589963763
0.20523,20-05-2020 10:36:03,1589963763
0.20524,20-05-2020 10:36:03,1589963763
0.20524,20-05-2020 10:36:03,1589963763
0.20524,20-05-2020 10:36:03,1589963763
0.20524,20-05-2020 10:36:04,1589963763
0.20524,20-05-2020 10:36:04,1589963764
0.20525,20-05-2020 10:36:04,1589963764
0.20525,20-05-2020 10:36:04,1589963764
0.20525,20-05-2020 10:36:04,1589963764
0.20513,20-05-2020 10:36:08,1589963768
0.20513,20-05-2020 10:36:08,1589963768
0.20513,20-05-2020 10:36:08,1589963768
0.20513,20-05-2020 10:36:08,1589963768
0.20513,20-05-2020 10:36:09,1589963769
0.20513,20-05-2020 10:36:09,1589963769
0.20513,20-05-2020 10:36:10,1589963770
0.20513,20-05-2020 10:36:10,1589963770
0.20513,20-05-2020 10:36:11,1589963770
0.20512,20-05-2020 10:38:08,1589963888
0.20511,20-05-2020 10:38:08,1589963888
0.20524,20-05-2020 10:38:10,1589963890
0.20513,20-05-2020 10:38:10,1589963890
0.20536,20-05-2020 10:38:11,1589963891
0.20544,20-05-2020 10:38:21,1589963900
0.20544,20-05-2020 10:38:22,1589963902
0.20549,20-05-2020 10:38:22,1589963902
0.20549,20-05-2020 10:38:22,1589963902
0.20545,20-05-2020 10:38:54,1589963934
0.20541,20-05-2020 10:38:54,1589963934
0.20545,20-05-2020 10:38:56,1589963936
0.20541,20-05-2020 10:38:56,1589963936
0.20545,20-05-2020 10:38:57,1589963937
0.20541,20-05-2020 10:38:57,1589963937
0.20541,20-05-2020 10:38:59,1589963939
0.20541,20-05-2020 10:39:00,1589963940
0.20541,20-05-2020 10:39:02,1589963942
0.20541,20-05-2020 10:39:03,1589963943
0.20541,20-05-2020 10:39:05,1589963945
0.2055,20-05-2020 10:39:06,1589963946
0.20563,20-05-2020 10:39:06,1589963946
0.20541,20-05-2020 10:39:06,1589963946
0.20541,20-05-2020 10:39:08,1589963948
0.20541,20-05-2020 10:39:09,1589963949
0.20541,20-05-2020 10:39:10,1589963950
0.20541,20-05-2020 10:39:12,1589963952
0.20541,20-05-2020 10:39:14,1589963954
0.20541,20-05-2020 10:39:15,1589963955
0.20541,20-05-2020 10:39:17,1589963957
0.20541,20-05-2020 10:39:18,1589963958
0.20541,20-05-2020 10:39:20,1589963960
0.20541,20-05-2020 10:39:21,1589963961
0.20541,20-05-2020 10:39:23,1589963963
0.20541,20-05-2020 10:39:24,1589963964
0.20541,20-05-2020 10:39:26,1589963966
0.20541,20-05-2020 10:39:27,1589963967
0.20543,20-05-2020 10:39:29,1589963969
0.20553,20-05-2020 10:39:34,1589963974
0.20557,20-05-2020 10:40:05,1589964005
0.20553,20-05-2020 10:40:05,1589964005
0.20552,20-05-2020 10:40:05,1589964005
0.20552,20-05-2020 10:40:05,1589964005
0.20551,20-05-2020 10:40:05,1589964005
0.20551,20-05-2020 10:40:09,1589964009
0.20551,20-05-2020 10:40:13,1589964013
0.20573,20-05-2020 10:40:15,1589964015
0.20573,20-05-2020 10:40:22,1589964022
0.20573,20-05-2020 10:40:22,1589964022
0.20573,20-05-2020 10:40:22,1589964022
0.20574,20-05-2020 10:40:22,1589964022
0.20574,20-05-2020 10:40:22,1589964022
0.20575,20-05-2020 10:40:22,1589964022
0.20575,20-05-2020 10:40:22,1589964022
0.20576,20-05-2020 10:40:22,1589964022
0.20576,20-05-2020 10:40:22,1589964022
0.20576,20-05-2020 10:40:22,1589964022
0.20577,20-05-2020 10:40:22,1589964022
0.20577,20-05-2020 10:40:22,1589964022
0.20578,20-05-2020 10:40:22,1589964022
0.20579,20-05-2020 10:40:22,1589964022
0.2058,20-05-2020 10:40:22,1589964022
0.20577,20-05-2020 10:40:37,1589964036
0.20555,20-05-2020 10:41:03,1589964063
0.20555,20-05-2020 10:41:03,1589964063
0.20539,20-05-2020 10:41:11,1589964071
0.20537,20-05-2020 10:41:11,1589964071
0.20539,20-05-2020 10:41:11,1589964071
0.20564,20-05-2020 10:41:18,1589964078
0.20564,20-05-2020 10:41:18,1589964078
0.20565,20-05-2020 10:41:18,1589964078
0.20565,20-05-2020 10:41:18,1589964078
0.20537,20-05-2020 10:41:19,1589964079
0.20537,20-05-2020 10:41:19,1589964079
0.20537,20-05-2020 10:41:19,1589964079
0.20562,20-05-2020 10:41:21,1589964081
0.20562,20-05-2020 10:41:22,1589964082
0.20537,20-05-2020 10:41:28,1589964088
0.20544,20-05-2020 10:42:10,1589964130
0.20544,20-05-2020 10:42:30,1589964150
0.20541,20-05-2020 10:42:30,1589964150
0.2054,20-05-2020 10:42:30,1589964150
0.2054,20-05-2020 10:42:30,1589964150
0.2054,20-05-2020 10:42:30,1589964150
0.20539,20-05-2020 10:42:30,1589964150
0.20538,20-05-2020 10:42:30,1589964150
0.20536,20-05-2020 10:42:30,1589964150
0.20565,20-05-2020 10:42:51,1589964171
0.20559,20-05-2020 10:43:01,1589964181
0.20541,20-05-2020 10:44:10,1589964250
0.20546,20-05-2020 10:45:25,1589964325
0.20546,20-05-2020 10:45:26,1589964326
0.20546,20-05-2020 10:45:27,1589964327
0.20535,20-05-2020 10:46:10,1589964370
0.20556,20-05-2020 10:46:11,1589964370
0.2055,20-05-2020 10:46:20,1589964380
0.2055,20-05-2020 10:46:20,1589964380
0.20551,20-05-2020 10:46:20,1589964380
0.20546,20-05-2020 10:46:38,1589964398
0.20548,20-05-2020 10:46:38,1589964398
0.20547,20-05-2020 10:47:12,1589964432
0.20532,20-05-2020 10:47:13,1589964432
0.20531,20-05-2020 10:47:13,1589964432
0.20531,20-05-2020 10:47:13,1589964432
0.2053,20-05-2020 10:47:13,1589964432
0.20529,20-05-2020 10:47:13,1589964432
0.20528,20-05-2020 10:47:13,1589964432
0.20528,20-05-2020 10:47:13,1589964432
0.20528,20-05-2020 10:47:13,1589964432
0.20525,20-05-2020 10:47:13,1589964432
0.20525,20-05-2020 10:47:13,1589964432
0.20519,20-05-2020 10:48:11,1589964491
0.20518,20-05-2020 10:48:11,1589964491
0.20518,20-05-2020 10:48:28,1589964508
0.20516,20-05-2020 10:48:28,1589964508
0.20516,20-05-2020 10:48:28,1589964508
0.20516,20-05-2020 10:48:28,1589964508
0.20513,20-05-2020 10:48:28,1589964508
0.20512,20-05-2020 10:48:28,1589964508
0.20512,20-05-2020 10:48:28,1589964508
0.20512,20-05-2020 10:48:28,1589964508
0.20536,20-05-2020 10:49:19,1589964559
0.20543,20-05-2020 10:49:19,1589964559
0.20544,20-05-2020 10:49:19,1589964559
0.20547,20-05-2020 10:49:19,1589964559
0.20548,20-05-2020 10:49:19,1589964559
0.20548,20-05-2020 10:49:19,1589964559
0.2052,20-05-2020 10:50:12,1589964612
0.20545,20-05-2020 10:50:22,1589964622
0.20548,20-05-2020 10:50:22,1589964622
0.2055,20-05-2020 10:50:22,1589964622
0.2055,20-05-2020 10:50:22,1589964622
0.20551,20-05-2020 10:50:22,1589964622
0.20552,20-05-2020 10:50:22,1589964622
0.20553,20-05-2020 10:50:22,1589964622
0.20554,20-05-2020 10:50:22,1589964622
0.20555,20-05-2020 10:50:22,1589964622
0.20557,20-05-2020 10:50:22,1589964622
0.2056,20-05-2020 10:50:22,1589964622
0.20561,20-05-2020 10:50:22,1589964622
0.20553,20-05-2020 10:50:31,1589964631
0.20553,20-05-2020 10:50:31,1589964631
0.20519,20-05-2020 10:51:28,1589964688
0.20521,20-05-2020 10:51:51,1589964711
0.20519,20-05-2020 10:51:51,1589964711
0.20518,20-05-2020 10:51:51,1589964711
0.20523,20-05-2020 10:52:00,1589964720
0.20522,20-05-2020 10:52:00,1589964720
0.20521,20-05-2020 10:52:00,1589964720
0.20527,20-05-2020 10:52:13,1589964733
0.20549,20-05-2020 10:52:24,1589964744
0.20549,20-05-2020 10:52:25,1589964744
0.2055,20-05-2020 10:52:25,1589964744
0.20552,20-05-2020 10:52:25,1589964744
0.20555,20-05-2020 10:52:25,1589964744
0.20555,20-05-2020 10:52:25,1589964744
0.20555,20-05-2020 10:52:25,1589964744
0.20556,20-05-2020 10:52:25,1589964744
0.20527,20-05-2020 10:52:27,1589964747
0.20546,20-05-2020 10:53:22,1589964801
0.20549,20-05-2020 10:53:22,1589964801
0.2055,20-05-2020 10:53:22,1589964801
0.2055,20-05-2020 10:53:22,1589964801
0.20549,20-05-2020 10:53:40,1589964820
0.2055,20-05-2020 10:53:40,1589964820
0.20555,20-05-2020 10:53:46,1589964826
0.20531,20-05-2020 10:54:13,1589964853
0.20531,20-05-2020 10:54:29,1589964869
0.20524,20-05-2020 10:54:29,1589964869
0.20523,20-05-2020 10:54:29,1589964869
0.20523,20-05-2020 10:54:29,1589964869
0.20523,20-05-2020 10:54:29,1589964869
0.20523,20-05-2020 10:54:29,1589964869
0.20523,20-05-2020 10:55:06,1589964906
0.20523,20-05-2020 10:55:06,1589964906
0.20522,20-05-2020 10:55:06,1589964906
0.20521,20-05-2020 10:55:06,1589964906
0.20519,20-05-2020 10:55:06,1589964906
0.20517,20-05-2020 10:55:06,1589964906
0.20517,20-05-2020 10:55:06,1589964906
0.20516,20-05-2020 10:55:06,1589964906
0.20516,20-05-2020 10:55:06,1589964906
0.20515,20-05-2020 10:55:06,1589964906
0.20542,20-05-2020 10:55:10,1589964910
0.20542,20-05-2020 10:55:23,1589964922
0.20543,20-05-2020 10:55:23,1589964922
0.20547,20-05-2020 10:55:23,1589964922
0.20548,20-05-2020 10:55:23,1589964922
0.20549,20-05-2020 10:55:23,1589964922
0.20549,20-05-2020 10:55:23,1589964922
0.2055,20-05-2020 10:55:23,1589964922
0.2055,20-05-2020 10:55:23,1589964922
0.2055,20-05-2020 10:55:23,1589964922
0.20551,20-05-2020 10:55:23,1589964922
0.20524,20-05-2020 10:55:28,1589964928
0.20524,20-05-2020 10:55:28,1589964928
0.20526,20-05-2020 10:56:13,1589964973
0.20526,20-05-2020 10:56:21,1589964981
0.20523,20-05-2020 10:56:21,1589964981
0.20523,20-05-2020 10:56:21,1589964981
0.20525,20-05-2020 10:56:28,1589964988
0.20525,20-05-2020 10:56:28,1589964988
0.20524,20-05-2020 10:56:28,1589964988
0.20524,20-05-2020 10:56:28,1589964988
0.20524,20-05-2020 10:56:28,1589964988
0.2055,20-05-2020 10:56:50,1589965010
0.20522,20-05-2020 10:58:13,1589965093
0.20545,20-05-2020 10:58:18,1589965098
0.20522,20-05-2020 10:59:04,1589965144
0.20526,20-05-2020 10:59:31,1589965171
0.20526,20-05-2020 10:59:41,1589965180
0.20502,20-05-2020 11:00:13,1589965213
0.20514,20-05-2020 11:01:11,1589965271
0.20525,20-05-2020 11:01:17,1589965277
0.20525,20-05-2020 11:01:21,1589965281
0.20528,20-05-2020 11:01:21,1589965281
0.20527,20-05-2020 11:01:30,1589965290
0.20516,20-05-2020 11:02:13,1589965333
0.20528,20-05-2020 11:02:18,1589965338
0.20528,20-05-2020 11:02:18,1589965338
0.20528,20-05-2020 11:02:18,1589965338
0.20531,20-05-2020 11:02:18,1589965338
0.20534,20-05-2020 11:02:18,1589965338
0.20536,20-05-2020 11:02:18,1589965338
0.20536,20-05-2020 11:02:18,1589965338
0.20537,20-05-2020 11:02:18,1589965338
0.20537,20-05-2020 11:02:18,1589965338
0.20536,20-05-2020 11:03:03,1589965383
0.20536,20-05-2020 11:03:04,1589965384
0.20536,20-05-2020 11:03:06,1589965385
0.20536,20-05-2020 11:03:07,1589965387
0.20536,20-05-2020 11:03:09,1589965388
0.20536,20-05-2020 11:03:09,1589965389
0.20536,20-05-2020 11:03:11,1589965391
0.20536,20-05-2020 11:03:12,1589965392
0.20536,20-05-2020 11:03:14,1589965393
0.20536,20-05-2020 11:03:15,1589965395
0.20536,20-05-2020 11:03:15,1589965395
0.20536,20-05-2020 11:03:16,1589965396
0.20536,20-05-2020 11:03:17,1589965397
0.20534,20-05-2020 11:03:18,1589965398
0.20534,20-05-2020 11:03:18,1589965398
0.20534,20-05-2020 11:03:19,1589965399
0.20534,20-05-2020 11:03:20,1589965400
0.20534,20-05-2020 11:03:21,1589965401
0.20534,20-05-2020 11:03:21,1589965401
0.20534,20-05-2020 11:03:22,1589965402
0.20534,20-05-2020 11:03:22,1589965402
0.20534,20-05-2020 11:03:24,1589965404
0.20534,20-05-2020 11:03:25,1589965405
0.20534,20-05-2020 11:03:26,1589965406
0.20534,20-05-2020 11:03:28,1589965407
0.20513,20-05-2020 11:03:29,1589965409
0.20513,20-05-2020 11:03:29,1589965409
0.20512,20-05-2020 11:03:29,1589965409
0.20512,20-05-2020 11:03:29,1589965409
0.20511,20-05-2020 11:03:29,1589965409
0.2051,20-05-2020 11:03:29,1589965409
0.2051,20-05-2020 11:03:29,1589965409
0.20509,20-05-2020 11:03:29,1589965409
0.20509,20-05-2020 11:03:29,1589965409
0.20534,20-05-2020 11:03:29,1589965409
0.20534,20-05-2020 11:03:31,1589965411
0.20534,20-05-2020 11:03:31,1589965411
0.20534,20-05-2020 11:03:32,1589965412
0.20534,20-05-2020 11:03:32,1589965412
0.20533,20-05-2020 11:03:33,1589965413
0.20533,20-05-2020 11:03:33,1589965413
0.20533,20-05-2020 11:03:36,1589965416
0.20531,20-05-2020 11:03:37,1589965417
0.20531,20-05-2020 11:03:39,1589965419
0.20531,20-05-2020 11:03:40,1589965420
0.2051,20-05-2020 11:04:15,1589965455
0.2051,20-05-2020 11:04:15,1589965455
0.20531,20-05-2020 11:04:21,1589965461
0.20531,20-05-2020 11:04:21,1589965461
0.20534,20-05-2020 11:04:21,1589965461
0.20536,20-05-2020 11:04:21,1589965461
0.20537,20-05-2020 11:04:21,1589965461
0.2051,20-05-2020 11:04:29,1589965469
0.2051,20-05-2020 11:04:29,1589965469
0.2053,20-05-2020 11:04:43,1589965483
0.20512,20-05-2020 11:04:59,1589965499
0.20511,20-05-2020 11:04:59,1589965499
0.20535,20-05-2020 11:05:05,1589965505
0.20536,20-05-2020 11:05:05,1589965505
0.20538,20-05-2020 11:05:05,1589965505
0.2054,20-05-2020 11:05:22,1589965522
0.20541,20-05-2020 11:05:22,1589965522
0.20544,20-05-2020 11:05:22,1589965522
0.20547,20-05-2020 11:05:22,1589965522
0.20547,20-05-2020 11:05:22,1589965522
0.20547,20-05-2020 11:05:22,1589965522
0.20548,20-05-2020 11:05:22,1589965522
0.2055,20-05-2020 11:05:23,1589965522
0.2055,20-05-2020 11:05:23,1589965522
0.20553,20-05-2020 11:05:23,1589965522
0.20554,20-05-2020 11:05:23,1589965522
0.20555,20-05-2020 11:05:23,1589965522
0.20527,20-05-2020 11:05:23,1589965523
0.20527,20-05-2020 11:05:23,1589965523
0.20526,20-05-2020 11:05:23,1589965523
0.20526,20-05-2020 11:05:23,1589965523
0.20525,20-05-2020 11:05:23,1589965523
0.20525,20-05-2020 11:05:23,1589965523
0.20525,20-05-2020 11:05:23,1589965523
0.20524,20-05-2020 11:05:23,1589965523
0.20521,20-05-2020 11:05:23,1589965523
0.2052,20-05-2020 11:05:23,1589965523
0.20519,20-05-2020 11:05:23,1589965523
0.20518,20-05-2020 11:05:23,1589965523
0.20537,20-05-2020 11:06:02,1589965562
0.20538,20-05-2020 11:06:02,1589965562
0.20538,20-05-2020 11:06:03,1589965563
0.20537,20-05-2020 11:06:06,1589965566
0.20537,20-05-2020 11:06:06,1589965566
0.20538,20-05-2020 11:06:07,1589965567
0.20521,20-05-2020 11:06:16,1589965576
0.20517,20-05-2020 11:06:53,1589965613
0.20516,20-05-2020 11:06:53,1589965613
0.20515,20-05-2020 11:06:56,1589965616
0.20516,20-05-2020 11:07:02,1589965622
0.20514,20-05-2020 11:07:02,1589965622
0.20513,20-05-2020 11:07:02,1589965622
0.20512,20-05-2020 11:07:02,1589965622
0.20511,20-05-2020 11:07:02,1589965622
0.20535,20-05-2020 11:07:09,1589965629
0.20535,20-05-2020 11:07:09,1589965629
0.20514,20-05-2020 11:07:12,1589965632
0.20514,20-05-2020 11:07:12,1589965632
0.20536,20-05-2020 11:07:15,1589965635
0.20537,20-05-2020 11:07:15,1589965635
0.20537,20-05-2020 11:07:15,1589965635
0.20537,20-05-2020 11:07:17,1589965637
0.20537,20-05-2020 11:07:17,1589965637
0.20538,20-05-2020 11:07:17,1589965637
0.20537,20-05-2020 11:07:57,1589965677
0.20537,20-05-2020 11:08:07,1589965687
0.20537,20-05-2020 11:08:07,1589965687
0.20538,20-05-2020 11:08:07,1589965687
0.20517,20-05-2020 11:08:16,1589965696
0.20537,20-05-2020 11:08:20,1589965700
0.20537,20-05-2020 11:08:20,1589965700
0.20538,20-05-2020 11:08:20,1589965700
0.20512,20-05-2020 11:08:43,1589965723
0.20516,20-05-2020 11:08:44,1589965724
0.2051,20-05-2020 11:08:45,1589965725
0.20515,20-05-2020 11:08:58,1589965738
0.20515,20-05-2020 11:08:58,1589965738
0.20515,20-05-2020 11:08:59,1589965739
0.20515,20-05-2020 11:09:00,1589965740
0.20515,20-05-2020 11:09:02,1589965742
0.20516,20-05-2020 11:09:02,1589965742
0.20515,20-05-2020 11:09:04,1589965744
0.20515,20-05-2020 11:09:15,1589965755
0.20515,20-05-2020 11:09:18,1589965758
0.20516,20-05-2020 11:09:18,1589965758
0.20515,20-05-2020 11:09:51,1589965790
0.20516,20-05-2020 11:10:03,1589965803
0.20498,20-05-2020 11:10:05,1589965805
0.20497,20-05-2020 11:10:05,1589965805
0.20496,20-05-2020 11:10:05,1589965805
0.20493,20-05-2020 11:10:05,1589965805
0.20492,20-05-2020 11:10:05,1589965805
0.20492,20-05-2020 11:10:05,1589965805
0.20492,20-05-2020 11:10:05,1589965805
0.20497,20-05-2020 11:10:17,1589965816
0.20514,20-05-2020 11:11:24,1589965884
0.20516,20-05-2020 11:11:24,1589965884
0.20516,20-05-2020 11:11:24,1589965884
0.20517,20-05-2020 11:11:24,1589965884
0.20519,20-05-2020 11:11:24,1589965884
0.20519,20-05-2020 11:11:24,1589965884
0.20497,20-05-2020 11:12:20,1589965940
0.20516,20-05-2020 11:12:53,1589965972
0.20516,20-05-2020 11:12:55,1589965975
0.20516,20-05-2020 11:12:57,1589965977
0.20496,20-05-2020 11:12:59,1589965979
0.20495,20-05-2020 11:13:04,1589965984
0.20493,20-05-2020 11:13:14,1589965994
0.20492,20-05-2020 11:13:14,1589965994
0.20491,20-05-2020 11:13:14,1589965994
0.20488,20-05-2020 11:13:14,1589965994
0.2049,20-05-2020 11:13:29,1589966009
0.20513,20-05-2020 11:14:10,1589966050
0.20493,20-05-2020 11:14:20,1589966060
0.20493,20-05-2020 11:14:29,1589966069
0.20493,20-05-2020 11:14:29,1589966069
0.20491,20-05-2020 11:14:29,1589966069
0.2049,20-05-2020 11:14:29,1589966069
0.20489,20-05-2020 11:14:30,1589966069
0.20488,20-05-2020 11:14:30,1589966069
0.20488,20-05-2020 11:14:30,1589966069
0.20487,20-05-2020 11:15:12,1589966112
0.20511,20-05-2020 11:15:22,1589966122
0.20512,20-05-2020 11:15:22,1589966122
0.20512,20-05-2020 11:15:22,1589966122
0.20512,20-05-2020 11:15:22,1589966122
0.20511,20-05-2020 11:15:31,1589966130
0.20511,20-05-2020 11:15:40,1589966140
0.20513,20-05-2020 11:15:40,1589966140
0.20509,20-05-2020 11:16:19,1589966179
0.2051,20-05-2020 11:16:19,1589966179
0.2051,20-05-2020 11:16:19,1589966179
0.2051,20-05-2020 11:16:19,1589966179
0.20511,20-05-2020 11:16:19,1589966179
0.20486,20-05-2020 11:16:20,1589966180
0.20479,20-05-2020 11:16:23,1589966183
0.20478,20-05-2020 11:16:23,1589966183
0.20495,20-05-2020 11:16:51,1589966211
0.20496,20-05-2020 11:17:22,1589966242
0.20497,20-05-2020 11:17:22,1589966242
0.20501,20-05-2020 11:17:22,1589966242
0.20502,20-05-2020 11:17:22,1589966242
0.20503,20-05-2020 11:17:22,1589966242
0.20503,20-05-2020 11:17:22,1589966242
0.20504,20-05-2020 11:17:36,1589966255
0.20504,20-05-2020 11:17:36,1589966255
0.20505,20-05-2020 11:17:50,1589966270
0.20479,20-05-2020 11:18:21,1589966301
0.20478,20-05-2020 11:18:21,1589966301
0.20478,20-05-2020 11:18:21,1589966301
0.20498,20-05-2020 11:18:24,1589966304
0.20472,20-05-2020 11:18:25,1589966305
0.20472,20-05-2020 11:18:28,1589966308
0.20472,20-05-2020 11:18:29,1589966309
0.205,20-05-2020 11:18:40,1589966320
0.20501,20-05-2020 11:18:40,1589966320
0.20471,20-05-2020 11:18:59,1589966339
0.20474,20-05-2020 11:19:29,1589966369
0.20474,20-05-2020 11:19:29,1589966369
0.20472,20-05-2020 11:19:29,1589966369
0.20471,20-05-2020 11:19:29,1589966369
0.20471,20-05-2020 11:19:29,1589966369
0.20471,20-05-2020 11:19:29,1589966369
0.2047,20-05-2020 11:19:29,1589966369
0.20469,20-05-2020 11:19:29,1589966369
0.20469,20-05-2020 11:19:29,1589966369
0.20468,20-05-2020 11:19:29,1589966369
0.20467,20-05-2020 11:19:29,1589966369
0.20464,20-05-2020 11:19:29,1589966369
0.20493,20-05-2020 11:19:51,1589966391
0.20491,20-05-2020 11:20:01,1589966401
0.20469,20-05-2020 11:20:22,1589966421
0.2047,20-05-2020 11:20:30,1589966430
0.20469,20-05-2020 11:20:30,1589966430
0.20494,20-05-2020 11:20:52,1589966452
0.20494,20-05-2020 11:20:52,1589966452
0.20494,20-05-2020 11:21:18,1589966478
0.20497,20-05-2020 11:21:18,1589966478
0.20497,20-05-2020 11:21:18,1589966478
0.20497,20-05-2020 11:22:03,1589966523
0.20497,20-05-2020 11:22:04,1589966524
0.20497,20-05-2020 11:22:05,1589966525
0.20497,20-05-2020 11:22:06,1589966526
0.20497,20-05-2020 11:22:07,1589966527
0.20497,20-05-2020 11:22:09,1589966528
0.20497,20-05-2020 11:22:09,1589966529
0.20497,20-05-2020 11:22:11,1589966531
0.20497,20-05-2020 11:22:12,1589966532
0.20497,20-05-2020 11:22:13,1589966533
0.20497,20-05-2020 11:22:13,1589966533
0.20497,20-05-2020 11:22:14,1589966534
0.20502,20-05-2020 11:22:14,1589966534
0.20502,20-05-2020 11:22:15,1589966535
0.20502,20-05-2020 11:22:17,1589966537
0.20505,20-05-2020 11:22:17,1589966537
0.20505,20-05-2020 11:22:18,1589966538
0.20504,20-05-2020 11:22:19,1589966539
0.20504,20-05-2020 11:22:20,1589966540
0.20504,20-05-2020 11:22:21,1589966541
0.20504,20-05-2020 11:22:22,1589966542
0.20479,20-05-2020 11:22:22,1589966542
0.20478,20-05-2020 11:22:22,1589966542
0.20503,20-05-2020 11:22:23,1589966543
0.20503,20-05-2020 11:22:24,1589966544
0.20503,20-05-2020 11:22:26,1589966546
0.20503,20-05-2020 11:22:27,1589966547
0.20503,20-05-2020 11:22:28,1589966548
0.20503,20-05-2020 11:22:30,1589966549
0.20503,20-05-2020 11:22:31,1589966551
0.20503,20-05-2020 11:22:32,1589966551
0.20503,20-05-2020 11:22:33,1589966553
0.20503,20-05-2020 11:22:34,1589966554
0.20503,20-05-2020 11:22:35,1589966555
0.20506,20-05-2020 11:23:21,1589966601
0.20507,20-05-2020 11:23:21,1589966601
0.20508,20-05-2020 11:23:21,1589966601
0.20509,20-05-2020 11:23:21,1589966601
0.20509,20-05-2020 11:23:21,1589966601
0.20509,20-05-2020 11:23:21,1589966601
0.2051,20-05-2020 11:23:21,1589966601
0.20511,20-05-2020 11:23:21,1589966601
0.20509,20-05-2020 11:23:23,1589966603
0.20511,20-05-2020 11:23:23,1589966603
0.20512,20-05-2020 11:23:23,1589966603
0.20512,20-05-2020 11:23:23,1589966603
0.20513,20-05-2020 11:23:23,1589966603
0.20483,20-05-2020 11:23:29,1589966609
0.20483,20-05-2020 11:23:29,1589966609
0.20483,20-05-2020 11:23:29,1589966609
0.20511,20-05-2020 11:23:58,1589966638
0.20488,20-05-2020 11:24:00,1589966640
0.20511,20-05-2020 11:24:21,1589966661
0.20488,20-05-2020 11:24:21,1589966661
0.20488,20-05-2020 11:24:21,1589966661
0.20488,20-05-2020 11:24:21,1589966661
0.20511,20-05-2020 11:24:22,1589966662
0.20489,20-05-2020 11:24:22,1589966662
0.20489,20-05-2020 11:24:29,1589966669
0.20489,20-05-2020 11:24:29,1589966669
0.20489,20-05-2020 11:24:29,1589966669
0.20489,20-05-2020 11:24:30,1589966670
0.20512,20-05-2020 11:24:37,1589966677
0.20515,20-05-2020 11:24:41,1589966681
0.20515,20-05-2020 11:24:41,1589966681
0.20515,20-05-2020 11:24:46,1589966686
0.20518,20-05-2020 11:24:46,1589966686
0.20518,20-05-2020 11:24:46,1589966686
0.20521,20-05-2020 11:24:46,1589966686
0.20514,20-05-2020 11:25:29,1589966729
0.20514,20-05-2020 11:25:29,1589966729
0.20509,20-05-2020 11:25:29,1589966729
0.20508,20-05-2020 11:25:29,1589966729
0.20508,20-05-2020 11:25:29,1589966729
0.20507,20-05-2020 11:25:29,1589966729
0.20507,20-05-2020 11:25:29,1589966729
0.20505,20-05-2020 11:25:29,1589966729
0.20521,20-05-2020 11:25:41,1589966740
0.20521,20-05-2020 11:25:41,1589966740
0.20521,20-05-2020 11:25:42,1589966741
0.20521,20-05-2020 11:26:23,1589966783
0.20524,20-05-2020 11:27:21,1589966841
0.20527,20-05-2020 11:27:21,1589966841
0.2053,20-05-2020 11:27:21,1589966841
0.20533,20-05-2020 11:27:21,1589966841
0.20533,20-05-2020 11:27:21,1589966841
0.20533,20-05-2020 11:27:21,1589966841
0.20521,20-05-2020 11:28:23,1589966903
0.20506,20-05-2020 11:28:23,1589966903
0.20506,20-05-2020 11:28:54,1589966934
0.20503,20-05-2020 11:28:54,1589966934
0.20503,20-05-2020 11:28:54,1589966934
0.20502,20-05-2020 11:28:54,1589966934
0.20504,20-05-2020 11:30:23,1589967023
0.20498,20-05-2020 11:30:44,1589967044
0.20481,20-05-2020 11:31:20,1589967079
0.20495,20-05-2020 11:31:24,1589967083
0.20495,20-05-2020 11:31:24,1589967083
0.20496,20-05-2020 11:31:24,1589967083
0.20496,20-05-2020 11:31:24,1589967083
0.20497,20-05-2020 11:31:24,1589967083
0.20497,20-05-2020 11:31:24,1589967083
0.20498,20-05-2020 11:31:24,1589967083
0.20499,20-05-2020 11:31:24,1589967083
0.205,20-05-2020 11:31:24,1589967083
0.205,20-05-2020 11:31:24,1589967083
0.20501,20-05-2020 11:31:24,1589967083
0.20503,20-05-2020 11:31:24,1589967083
0.20478,20-05-2020 11:31:51,1589967111
0.20477,20-05-2020 11:31:51,1589967111
0.20476,20-05-2020 11:31:51,1589967111
0.20474,20-05-2020 11:31:51,1589967111
0.20476,20-05-2020 11:31:59,1589967118
0.20475,20-05-2020 11:31:59,1589967118
0.20499,20-05-2020 11:32:18,1589967138
0.205,20-05-2020 11:32:18,1589967138
0.20503,20-05-2020 11:32:18,1589967138
0.20503,20-05-2020 11:32:18,1589967138
0.20504,20-05-2020 11:32:18,1589967138
0.20484,20-05-2020 11:32:23,1589967143
0.20488,20-05-2020 11:33:30,1589967210
0.20487,20-05-2020 11:33:30,1589967210
0.20486,20-05-2020 11:33:30,1589967210
0.20485,20-05-2020 11:33:30,1589967210
0.20484,20-05-2020 11:33:30,1589967210
0.20484,20-05-2020 11:33:30,1589967210
0.20507,20-05-2020 11:34:20,1589967260
0.20508,20-05-2020 11:34:20,1589967260
0.2051,20-05-2020 11:34:20,1589967260
0.20511,20-05-2020 11:34:20,1589967260
0.20512,20-05-2020 11:34:20,1589967260
0.20482,20-05-2020 11:34:23,1589967263
0.20482,20-05-2020 11:34:31,1589967271
0.20482,20-05-2020 11:34:31,1589967271
0.20473,20-05-2020 11:35:02,1589967302
0.20471,20-05-2020 11:35:02,1589967302
0.20471,20-05-2020 11:35:02,1589967302
0.2047,20-05-2020 11:35:02,1589967302
0.20499,20-05-2020 11:35:17,1589967317
0.205,20-05-2020 11:35:17,1589967317
0.205,20-05-2020 11:35:17,1589967317
0.205,20-05-2020 11:35:17,1589967317
0.20501,20-05-2020 11:35:17,1589967317
0.20487,20-05-2020 11:35:52,1589967352
0.20471,20-05-2020 11:36:06,1589967366
0.20471,20-05-2020 11:36:06,1589967366
0.20471,20-05-2020 11:36:06,1589967366
0.20469,20-05-2020 11:36:06,1589967366
0.20468,20-05-2020 11:36:06,1589967366
0.20467,20-05-2020 11:36:06,1589967366
0.20467,20-05-2020 11:36:06,1589967366
0.20463,20-05-2020 11:36:06,1589967366
0.20462,20-05-2020 11:36:06,1589967366
0.20487,20-05-2020 11:36:13,1589967373
0.20487,20-05-2020 11:36:13,1589967373
0.20488,20-05-2020 11:36:13,1589967373
0.2047,20-05-2020 11:36:24,1589967384
0.20488,20-05-2020 11:37:11,1589967431
0.20488,20-05-2020 11:38:18,1589967498
0.20488,20-05-2020 11:38:19,1589967499
0.20488,20-05-2020 11:38:20,1589967500
0.20488,20-05-2020 11:38:20,1589967500
0.20488,20-05-2020 11:38:21,1589967501
0.20465,20-05-2020 11:38:24,1589967504
0.20485,20-05-2020 11:38:31,1589967511
0.20466,20-05-2020 11:38:32,1589967512
0.20464,20-05-2020 11:38:32,1589967512
0.20488,20-05-2020 11:38:40,1589967520
0.20488,20-05-2020 11:39:22,1589967562
0.20488,20-05-2020 11:39:22,1589967562
0.20491,20-05-2020 11:39:22,1589967562
0.20493,20-05-2020 11:39:22,1589967562
0.20494,20-05-2020 11:39:22,1589967562
0.20496,20-05-2020 11:39:22,1589967562
0.20496,20-05-2020 11:39:22,1589967562
0.20497,20-05-2020 11:39:22,1589967562
0.20497,20-05-2020 11:39:22,1589967562
0.20492,20-05-2020 11:39:41,1589967581
0.20492,20-05-2020 11:40:21,1589967621
0.20493,20-05-2020 11:40:21,1589967621
0.20474,20-05-2020 11:40:22,1589967622
0.20474,20-05-2020 11:40:22,1589967622
0.20473,20-05-2020 11:40:22,1589967622
0.20472,20-05-2020 11:40:22,1589967622
0.20472,20-05-2020 11:40:22,1589967622
0.20472,20-05-2020 11:40:22,1589967622
0.20471,20-05-2020 11:40:24,1589967624
0.20471,20-05-2020 11:40:31,1589967631
0.2047,20-05-2020 11:40:31,1589967631
0.2047,20-05-2020 11:40:31,1589967631
0.20469,20-05-2020 11:40:31,1589967631
0.20467,20-05-2020 11:40:31,1589967631
0.20467,20-05-2020 11:40:31,1589967631
0.20468,20-05-2020 11:40:41,1589967641
0.20468,20-05-2020 11:40:41,1589967641
0.20468,20-05-2020 11:40:41,1589967641
0.20467,20-05-2020 11:40:41,1589967641
0.20465,20-05-2020 11:40:41,1589967641
0.20465,20-05-2020 11:40:41,1589967641
0.20464,20-05-2020 11:40:41,1589967641
0.20464,20-05-2020 11:40:41,1589967641
0.20472,20-05-2020 11:41:30,1589967690
0.20472,20-05-2020 11:41:30,1589967690
0.20469,20-05-2020 11:41:30,1589967690
0.20467,20-05-2020 11:41:31,1589967690
0.20466,20-05-2020 11:41:31,1589967690
0.20465,20-05-2020 11:41:31,1589967690
0.20464,20-05-2020 11:41:31,1589967690
0.20464,20-05-2020 11:41:31,1589967690
0.20463,20-05-2020 11:41:31,1589967690
0.20463,20-05-2020 11:41:31,1589967690
0.20462,20-05-2020 11:41:31,1589967690
0.20467,20-05-2020 11:41:32,1589967692
0.20467,20-05-2020 11:41:32,1589967692
0.20463,20-05-2020 11:41:32,1589967692
0.20461,20-05-2020 11:41:32,1589967692
0.20461,20-05-2020 11:41:32,1589967692
0.2046,20-05-2020 11:41:32,1589967692
0.20486,20-05-2020 11:41:33,1589967693
0.20487,20-05-2020 11:41:33,1589967693
0.20488,20-05-2020 11:41:33,1589967693
0.20485,20-05-2020 11:41:46,1589967706
0.2049,20-05-2020 11:41:46,1589967706
0.20492,20-05-2020 11:42:19,1589967739
0.20492,20-05-2020 11:42:19,1589967739
0.20493,20-05-2020 11:42:19,1589967739
0.20475,20-05-2020 11:42:27,1589967747
0.20491,20-05-2020 11:43:04,1589967784
0.20491,20-05-2020 11:43:05,1589967785
0.20491,20-05-2020 11:43:07,1589967786
0.20491,20-05-2020 11:43:08,1589967788
0.20491,20-05-2020 11:43:09,1589967789
0.20491,20-05-2020 11:43:10,1589967790
0.20491,20-05-2020 11:43:12,1589967792
0.20491,20-05-2020 11:43:13,1589967793
0.20491,20-05-2020 11:43:14,1589967794
0.20491,20-05-2020 11:43:16,1589967796
0.20491,20-05-2020 11:43:16,1589967796
0.20491,20-05-2020 11:43:17,1589967797
0.20491,20-05-2020 11:43:18,1589967798
0.20491,20-05-2020 11:43:19,1589967799
0.20491,20-05-2020 11:43:20,1589967800
0.20491,20-05-2020 11:43:20,1589967800
0.20491,20-05-2020 11:43:21,1589967801
0.20491,20-05-2020 11:43:21,1589967801
0.20491,20-05-2020 11:43:23,1589967802
0.20491,20-05-2020 11:43:23,1589967802
0.2049,20-05-2020 11:43:24,1589967804
0.2049,20-05-2020 11:43:25,1589967805
0.2049,20-05-2020 11:43:25,1589967805
0.2049,20-05-2020 11:43:26,1589967806
0.2049,20-05-2020 11:43:28,1589967808
0.2049,20-05-2020 11:43:30,1589967810
0.2049,20-05-2020 11:43:33,1589967813
0.2049,20-05-2020 11:43:34,1589967814
0.2049,20-05-2020 11:43:35,1589967815
0.2049,20-05-2020 11:43:36,1589967816
0.2049,20-05-2020 11:43:37,1589967817
0.2049,20-05-2020 11:43:39,1589967819
0.2047,20-05-2020 11:44:27,1589967867
0.2047,20-05-2020 11:44:32,1589967872
0.2047,20-05-2020 11:44:33,1589967872
0.2047,20-05-2020 11:44:33,1589967872
0.20469,20-05-2020 11:44:33,1589967872
0.20467,20-05-2020 11:44:33,1589967872
0.20465,20-05-2020 11:44:33,1589967872
0.20464,20-05-2020 11:44:33,1589967872
0.20464,20-05-2020 11:44:33,1589967872
0.2049,20-05-2020 11:45:22,1589967922
0.2049,20-05-2020 11:45:22,1589967922
0.20492,20-05-2020 11:45:22,1589967922
0.20492,20-05-2020 11:45:22,1589967922
0.20493,20-05-2020 11:45:22,1589967922
0.20493,20-05-2020 11:45:22,1589967922
0.20494,20-05-2020 11:45:22,1589967922
0.20495,20-05-2020 11:45:22,1589967922
0.20498,20-05-2020 11:45:22,1589967922
0.20498,20-05-2020 11:45:22,1589967922
0.205,20-05-2020 11:45:22,1589967922
0.20501,20-05-2020 11:45:22,1589967922
0.20489,20-05-2020 11:45:23,1589967923
0.205,20-05-2020 11:45:51,1589967950
0.205,20-05-2020 11:46:01,1589967961
0.20473,20-05-2020 11:46:28,1589967988
0.20473,20-05-2020 11:48:28,1589968108
0.20473,20-05-2020 11:48:29,1589968109
0.20469,20-05-2020 11:48:29,1589968109
0.20468,20-05-2020 11:48:29,1589968109
0.20468,20-05-2020 11:48:29,1589968109
0.20467,20-05-2020 11:48:29,1589968109
0.20466,20-05-2020 11:48:29,1589968109
0.20466,20-05-2020 11:48:29,1589968109
0.20465,20-05-2020 11:48:29,1589968109
0.20464,20-05-2020 11:48:29,1589968109
0.20463,20-05-2020 11:48:29,1589968109
0.20465,20-05-2020 11:48:38,1589968118
0.20464,20-05-2020 11:48:38,1589968118
0.20464,20-05-2020 11:48:38,1589968118
0.20463,20-05-2020 11:48:38,1589968118
0.20462,20-05-2020 11:48:38,1589968118
0.20461,20-05-2020 11:48:38,1589968118
0.20461,20-05-2020 11:48:38,1589968118
0.20468,20-05-2020 11:48:45,1589968125
0.20467,20-05-2020 11:48:45,1589968125
0.20467,20-05-2020 11:48:45,1589968125
0.20462,20-05-2020 11:48:45,1589968125
0.20489,20-05-2020 11:49:03,1589968143
0.20489,20-05-2020 11:49:21,1589968161
0.20489,20-05-2020 11:49:21,1589968161
0.2049,20-05-2020 11:49:21,1589968161
0.2049,20-05-2020 11:49:21,1589968161
0.20491,20-05-2020 11:49:21,1589968161
0.20491,20-05-2020 11:49:21,1589968161
0.2049,20-05-2020 11:49:38,1589968178
0.20493,20-05-2020 11:49:38,1589968178
0.20494,20-05-2020 11:49:38,1589968178
0.20489,20-05-2020 11:49:50,1589968190
0.20468,20-05-2020 11:50:28,1589968228
0.20468,20-05-2020 11:50:55,1589968255
0.20467,20-05-2020 11:50:55,1589968255
0.20466,20-05-2020 11:50:55,1589968255
0.20466,20-05-2020 11:50:55,1589968255
0.20465,20-05-2020 11:50:55,1589968255
0.20464,20-05-2020 11:50:55,1589968255
0.20464,20-05-2020 11:50:55,1589968255
0.20463,20-05-2020 11:50:55,1589968255
0.20487,20-05-2020 11:51:18,1589968278
0.2049,20-05-2020 11:51:18,1589968278
0.20491,20-05-2020 11:51:18,1589968278
0.20491,20-05-2020 11:51:18,1589968278
0.20492,20-05-2020 11:52:12,1589968331
0.20495,20-05-2020 11:52:13,1589968332
0.20498,20-05-2020 11:52:19,1589968339
0.20501,20-05-2020 11:52:21,1589968341
0.20504,20-05-2020 11:52:22,1589968342
0.20507,20-05-2020 11:52:22,1589968342
0.2051,20-05-2020 11:52:22,1589968342
0.20513,20-05-2020 11:52:22,1589968342
0.20516,20-05-2020 11:52:22,1589968342
0.20518,20-05-2020 11:52:22,1589968342
0.20519,20-05-2020 11:52:22,1589968342
0.2052,20-05-2020 11:52:22,1589968342
0.2052,20-05-2020 11:52:22,1589968342
0.20521,20-05-2020 11:52:22,1589968342
0.20521,20-05-2020 11:52:22,1589968342
0.20527,20-05-2020 11:52:22,1589968342
0.20527,20-05-2020 11:52:22,1589968342
0.2053,20-05-2020 11:52:22,1589968342
0.20531,20-05-2020 11:52:22,1589968342
0.20533,20-05-2020 11:52:22,1589968342
0.20505,20-05-2020 11:52:28,1589968348
0.20533,20-05-2020 11:53:36,1589968416
0.20534,20-05-2020 11:53:36,1589968416
0.20519,20-05-2020 11:54:02,1589968442
0.20519,20-05-2020 11:54:02,1589968442
0.20518,20-05-2020 11:54:02,1589968442
0.2052,20-05-2020 11:54:09,1589968449
0.20517,20-05-2020 11:54:09,1589968449
0.20517,20-05-2020 11:54:09,1589968449
0.20516,20-05-2020 11:54:09,1589968449
0.20515,20-05-2020 11:54:09,1589968449
0.20515,20-05-2020 11:54:09,1589968449
0.20514,20-05-2020 11:54:09,1589968449
0.20513,20-05-2020 11:54:09,1589968449
0.20515,20-05-2020 11:54:18,1589968458
0.20515,20-05-2020 11:54:18,1589968458
0.20514,20-05-2020 11:54:18,1589968458
0.20514,20-05-2020 11:54:18,1589968458
0.20513,20-05-2020 11:54:18,1589968458
0.20512,20-05-2020 11:54:18,1589968458
0.20515,20-05-2020 11:54:29,1589968469
0.20543,20-05-2020 11:55:21,1589968521
0.20546,20-05-2020 11:55:25,1589968525
0.20546,20-05-2020 11:55:30,1589968530
0.20549,20-05-2020 11:55:30,1589968530
0.20549,20-05-2020 11:55:36,1589968536
0.20552,20-05-2020 11:55:36,1589968536
0.20531,20-05-2020 11:56:29,1589968589
0.2053,20-05-2020 11:56:29,1589968589
0.20529,20-05-2020 11:56:29,1589968589
0.20528,20-05-2020 11:56:29,1589968589
0.20528,20-05-2020 11:56:29,1589968589
0.20527,20-05-2020 11:56:29,1589968589
0.20527,20-05-2020 11:56:29,1589968589
0.20526,20-05-2020 11:56:29,1589968589
0.20526,20-05-2020 11:56:29,1589968589
0.20551,20-05-2020 11:57:18,1589968638
0.20551,20-05-2020 11:57:18,1589968638
0.20554,20-05-2020 11:57:18,1589968638
0.20555,20-05-2020 11:57:18,1589968638
0.20556,20-05-2020 11:57:18,1589968638
0.2055,20-05-2020 11:58:21,1589968701
0.2055,20-05-2020 11:58:21,1589968701
0.20554,20-05-2020 11:58:21,1589968701
0.20554,20-05-2020 11:58:21,1589968701
0.20556,20-05-2020 11:58:21,1589968701
0.20558,20-05-2020 11:58:21,1589968701
0.20559,20-05-2020 11:58:21,1589968701
0.20535,20-05-2020 11:58:30,1589968710
0.20535,20-05-2020 11:59:08,1589968748
0.20557,20-05-2020 12:00:12,1589968812
0.20559,20-05-2020 12:00:18,1589968818
0.20562,20-05-2020 12:00:19,1589968819
0.20548,20-05-2020 12:00:27,1589968827
0.20547,20-05-2020 12:00:27,1589968827
0.20546,20-05-2020 12:00:27,1589968827
0.20546,20-05-2020 12:00:27,1589968827
0.20545,20-05-2020 12:00:27,1589968827
0.20544,20-05-2020 12:00:27,1589968827
0.20542,20-05-2020 12:00:27,1589968827
0.20541,20-05-2020 12:00:27,1589968827
0.20539,20-05-2020 12:00:27,1589968827
0.20539,20-05-2020 12:00:27,1589968827
0.2054,20-05-2020 12:00:31,1589968831
0.20529,20-05-2020 12:01:47,1589968907
0.20529,20-05-2020 12:01:47,1589968907
0.20531,20-05-2020 12:01:47,1589968907
0.20531,20-05-2020 12:01:47,1589968907
0.20531,20-05-2020 12:01:47,1589968907
0.20531,20-05-2020 12:01:47,1589968907
0.20531,20-05-2020 12:01:47,1589968907
0.20529,20-05-2020 12:01:47,1589968907
0.20529,20-05-2020 12:01:47,1589968907
0.20529,20-05-2020 12:01:47,1589968907
0.20521,20-05-2020 12:01:59,1589968919
0.20529,20-05-2020 12:02:01,1589968920
0.20508,20-05-2020 12:02:11,1589968930
0.20505,20-05-2020 12:02:12,1589968932
0.205,20-05-2020 12:02:21,1589968940
0.205,20-05-2020 12:02:30,1589968950
0.20478,20-05-2020 12:02:31,1589968951
0.20498,20-05-2020 12:02:45,1589968965
0.20491,20-05-2020 12:03:23,1589969003
0.20495,20-05-2020 12:03:23,1589969003
0.20496,20-05-2020 12:03:23,1589969003
0.20497,20-05-2020 12:03:23,1589969003
0.20498,20-05-2020 12:03:23,1589969003
0.205,20-05-2020 12:03:23,1589969003
0.205,20-05-2020 12:03:23,1589969003
0.20501,20-05-2020 12:03:23,1589969003
0.20501,20-05-2020 12:03:23,1589969003
0.20503,20-05-2020 12:03:23,1589969003
0.20502,20-05-2020 12:03:53,1589969033
0.20502,20-05-2020 12:03:53,1589969033
0.20504,20-05-2020 12:03:53,1589969033
0.20506,20-05-2020 12:03:53,1589969033
0.20507,20-05-2020 12:03:53,1589969033
0.20507,20-05-2020 12:03:53,1589969033
0.20507,20-05-2020 12:04:03,1589969043
0.20507,20-05-2020 12:04:04,1589969044
0.20509,20-05-2020 12:04:06,1589969046
0.20509,20-05-2020 12:04:08,1589969048
0.20509,20-05-2020 12:04:08,1589969048
0.20509,20-05-2020 12:04:10,1589969049
0.20509,20-05-2020 12:04:10,1589969049
0.20509,20-05-2020 12:04:10,1589969050
0.20512,20-05-2020 12:04:10,1589969050
0.20514,20-05-2020 12:04:10,1589969050
0.20514,20-05-2020 12:04:11,1589969051
0.20514,20-05-2020 12:04:12,1589969051
0.20513,20-05-2020 12:04:13,1589969053
0.20511,20-05-2020 12:04:14,1589969054
0.20511,20-05-2020 12:04:16,1589969055
0.20511,20-05-2020 12:04:17,1589969057
0.20511,20-05-2020 12:04:19,1589969059
0.20511,20-05-2020 12:04:20,1589969060
0.20511,20-05-2020 12:04:21,1589969061
0.20511,20-05-2020 12:04:23,1589969062
0.20511,20-05-2020 12:04:24,1589969064
0.20511,20-05-2020 12:04:25,1589969065
0.20511,20-05-2020 12:04:26,1589969066
0.20511,20-05-2020 12:04:27,1589969067
0.20511,20-05-2020 12:04:29,1589969069
0.20491,20-05-2020 12:04:29,1589969069
0.20491,20-05-2020 12:04:29,1589969069
0.20491,20-05-2020 12:04:29,1589969069
0.2049,20-05-2020 12:04:29,1589969069
0.20489,20-05-2020 12:04:29,1589969069
0.20486,20-05-2020 12:04:29,1589969069
0.20485,20-05-2020 12:04:29,1589969069
0.20483,20-05-2020 12:04:29,1589969069
0.20511,20-05-2020 12:04:29,1589969069
0.20484,20-05-2020 12:04:31,1589969071
0.20511,20-05-2020 12:04:31,1589969071
0.20511,20-05-2020 12:04:33,1589969073
0.20511,20-05-2020 12:04:35,1589969075
0.20511,20-05-2020 12:04:37,1589969076
0.20511,20-05-2020 12:04:39,1589969079
0.2051,20-05-2020 12:04:41,1589969080
0.2051,20-05-2020 12:04:41,1589969081
0.20486,20-05-2020 12:04:42,1589969082
0.20485,20-05-2020 12:04:42,1589969082
0.20484,20-05-2020 12:04:42,1589969082
0.20484,20-05-2020 12:04:42,1589969082
0.20483,20-05-2020 12:04:42,1589969082
0.20508,20-05-2020 12:04:42,1589969082
0.20499,20-05-2020 12:05:55,1589969155
0.20499,20-05-2020 12:05:58,1589969158
0.205,20-05-2020 12:06:13,1589969173
0.205,20-05-2020 12:06:14,1589969174
0.205,20-05-2020 12:06:16,1589969176
0.205,20-05-2020 12:06:17,1589969177
0.205,20-05-2020 12:06:28,1589969188
0.2049,20-05-2020 12:06:31,1589969191
0.205,20-05-2020 12:07:19,1589969239
0.2049,20-05-2020 12:07:30,1589969249
0.2049,20-05-2020 12:07:30,1589969249
0.2049,20-05-2020 12:07:30,1589969249
0.20488,20-05-2020 12:07:30,1589969249
0.20481,20-05-2020 12:07:30,1589969249
0.20481,20-05-2020 12:07:30,1589969249
0.20481,20-05-2020 12:07:30,1589969249
0.2048,20-05-2020 12:07:30,1589969249
0.2048,20-05-2020 12:07:30,1589969249
0.2048,20-05-2020 12:07:30,1589969249
0.20499,20-05-2020 12:08:04,1589969284
0.205,20-05-2020 12:08:23,1589969303
0.20502,20-05-2020 12:08:23,1589969303
0.20505,20-05-2020 12:08:23,1589969303
0.20507,20-05-2020 12:08:23,1589969303
0.20508,20-05-2020 12:08:23,1589969303
0.20508,20-05-2020 12:08:23,1589969303
0.20508,20-05-2020 12:08:23,1589969303
0.20509,20-05-2020 12:08:23,1589969303
0.20511,20-05-2020 12:08:23,1589969303
0.20513,20-05-2020 12:08:23,1589969303
0.20494,20-05-2020 12:08:31,1589969311
0.20485,20-05-2020 12:08:31,1589969311
0.20489,20-05-2020 12:08:52,1589969332
0.20486,20-05-2020 12:08:52,1589969332
0.20497,20-05-2020 12:09:39,1589969379
0.20486,20-05-2020 12:09:39,1589969379
0.20486,20-05-2020 12:09:39,1589969379
0.20486,20-05-2020 12:09:45,1589969385
0.20486,20-05-2020 12:10:29,1589969429
0.20487,20-05-2020 12:10:29,1589969429
0.20485,20-05-2020 12:10:29,1589969429
0.20485,20-05-2020 12:10:29,1589969429
0.20485,20-05-2020 12:10:29,1589969429
0.20483,20-05-2020 12:10:29,1589969429
0.20483,20-05-2020 12:10:29,1589969429
0.20483,20-05-2020 12:10:29,1589969429
0.20482,20-05-2020 12:10:29,1589969429
0.20483,20-05-2020 12:10:32,1589969432
0.20499,20-05-2020 12:11:51,1589969511
0.20502,20-05-2020 12:11:51,1589969511
0.20502,20-05-2020 12:12:21,1589969541
0.20505,20-05-2020 12:12:21,1589969541
0.20507,20-05-2020 12:12:21,1589969541
0.20508,20-05-2020 12:12:21,1589969541
0.20508,20-05-2020 12:12:21,1589969541
0.2051,20-05-2020 12:12:21,1589969541
0.20486,20-05-2020 12:12:33,1589969553
0.20483,20-05-2020 12:13:01,1589969581
0.20482,20-05-2020 12:13:01,1589969581
0.20481,20-05-2020 12:13:01,1589969581
0.20503,20-05-2020 12:13:21,1589969601
0.20507,20-05-2020 12:13:45,1589969625
0.20509,20-05-2020 12:14:18,1589969658
0.2051,20-05-2020 12:14:18,1589969658
0.20513,20-05-2020 12:14:18,1589969658
0.20515,20-05-2020 12:14:18,1589969658
0.20516,20-05-2020 12:14:18,1589969658
0.20518,20-05-2020 12:14:18,1589969658
0.20519,20-05-2020 12:14:18,1589969658
0.20519,20-05-2020 12:14:18,1589969658
0.20519,20-05-2020 12:14:18,1589969658
0.2052,20-05-2020 12:14:18,1589969658
0.2052,20-05-2020 12:14:18,1589969658
0.20489,20-05-2020 12:14:33,1589969673
0.20482,20-05-2020 12:14:46,1589969686
0.20504,20-05-2020 12:14:46,1589969686
0.20493,20-05-2020 12:15:22,1589969722
0.20493,20-05-2020 12:15:22,1589969722
0.20494,20-05-2020 12:15:22,1589969722
0.20494,20-05-2020 12:15:22,1589969722
0.20495,20-05-2020 12:15:22,1589969722
0.20495,20-05-2020 12:15:22,1589969722
0.20496,20-05-2020 12:15:22,1589969722
0.20497,20-05-2020 12:15:22,1589969722
0.20497,20-05-2020 12:15:22,1589969722
0.20497,20-05-2020 12:15:22,1589969722
0.20499,20-05-2020 12:15:22,1589969722
0.20499,20-05-2020 12:15:22,1589969722
0.205,20-05-2020 12:15:22,1589969722
0.205,20-05-2020 12:15:22,1589969722
0.20501,20-05-2020 12:15:22,1589969722
0.20482,20-05-2020 12:16:37,1589969797
0.20482,20-05-2020 12:17:10,1589969829
0.20474,20-05-2020 12:17:10,1589969829
0.20475,20-05-2020 12:17:11,1589969831
0.20474,20-05-2020 12:17:11,1589969831
0.20466,20-05-2020 12:17:29,1589969849
0.20464,20-05-2020 12:17:29,1589969849
0.20463,20-05-2020 12:17:29,1589969849
0.20459,20-05-2020 12:17:29,1589969849
0.20458,20-05-2020 12:17:29,1589969849
0.20458,20-05-2020 12:17:29,1589969849
0.20458,20-05-2020 12:17:30,1589969849
0.20465,20-05-2020 12:17:38,1589969858
0.2045,20-05-2020 12:18:00,1589969880
0.20447,20-05-2020 12:18:04,1589969884
0.20419,20-05-2020 12:18:28,1589969908
0.20419,20-05-2020 12:18:37,1589969917
0.20439,20-05-2020 12:19:32,1589969971
0.20417,20-05-2020 12:19:49,1589969989
0.20417,20-05-2020 12:20:13,1589970013
0.20417,20-05-2020 12:20:13,1589970013
0.20416,20-05-2020 12:20:13,1589970013
0.20422,20-05-2020 12:20:38,1589970038
0.20422,20-05-2020 12:20:38,1589970038
0.20423,20-05-2020 12:21:05,1589970065
0.20423,20-05-2020 12:21:05,1589970065
0.20422,20-05-2020 12:21:05,1589970065
0.20422,20-05-2020 12:21:05,1589970065
0.20442,20-05-2020 12:21:19,1589970079
0.20445,20-05-2020 12:21:19,1589970079
0.20446,20-05-2020 12:21:19,1589970079
0.20448,20-05-2020 12:21:19,1589970079
0.20449,20-05-2020 12:21:19,1589970079
0.20449,20-05-2020 12:21:19,1589970079
0.20451,20-05-2020 12:21:19,1589970079
0.20452,20-05-2020 12:21:19,1589970079
0.20452,20-05-2020 12:21:19,1589970079
0.20453,20-05-2020 12:21:19,1589970079
0.20453,20-05-2020 12:21:24,1589970084
0.20454,20-05-2020 12:21:25,1589970085
0.20455,20-05-2020 12:21:27,1589970087
0.2045,20-05-2020 12:21:28,1589970087
0.20457,20-05-2020 12:21:32,1589970092
0.20458,20-05-2020 12:21:33,1589970093
0.2046,20-05-2020 12:21:34,1589970094
0.20461,20-05-2020 12:21:35,1589970095
0.20463,20-05-2020 12:21:39,1589970099
0.20464,20-05-2020 12:21:39,1589970099
0.20466,20-05-2020 12:21:39,1589970099
0.20467,20-05-2020 12:21:39,1589970099
0.2047,20-05-2020 12:21:52,1589970112
0.20467,20-05-2020 12:22:03,1589970123
0.20466,20-05-2020 12:22:04,1589970123
0.20466,20-05-2020 12:22:04,1589970124
0.20467,20-05-2020 12:22:04,1589970124
0.20467,20-05-2020 12:22:06,1589970125
0.20467,20-05-2020 12:22:07,1589970126
0.20467,20-05-2020 12:22:08,1589970128
0.20467,20-05-2020 12:22:09,1589970128
0.20467,20-05-2020 12:22:11,1589970130
0.20467,20-05-2020 12:22:11,1589970131
0.20467,20-05-2020 12:22:12,1589970132
0.20467,20-05-2020 12:22:13,1589970133
0.20467,20-05-2020 12:22:14,1589970134
0.20467,20-05-2020 12:22:15,1589970135
0.20467,20-05-2020 12:22:16,1589970136
0.20467,20-05-2020 12:22:18,1589970137
0.20467,20-05-2020 12:22:19,1589970139
0.20467,20-05-2020 12:22:20,1589970139
0.20467,20-05-2020 12:22:20,1589970139
0.20468,20-05-2020 12:22:20,1589970139
0.20469,20-05-2020 12:22:20,1589970139
0.20469,20-05-2020 12:22:20,1589970139
0.20469,20-05-2020 12:22:20,1589970139
0.20466,20-05-2020 12:22:20,1589970140
0.20466,20-05-2020 12:22:21,1589970141
0.20466,20-05-2020 12:22:22,1589970142
0.20466,20-05-2020 12:22:23,1589970143
0.20466,20-05-2020 12:22:25,1589970145
0.20466,20-05-2020 12:22:27,1589970146
0.20465,20-05-2020 12:22:27,1589970147
0.20465,20-05-2020 12:22:30,1589970150
0.20465,20-05-2020 12:22:31,1589970151
0.20465,20-05-2020 12:22:32,1589970152
0.20465,20-05-2020 12:22:34,1589970154
0.20466,20-05-2020 12:22:34,1589970154
0.20466,20-05-2020 12:22:35,1589970155
0.20466,20-05-2020 12:22:36,1589970156
0.20466,20-05-2020 12:22:37,1589970157
0.20466,20-05-2020 12:22:37,1589970157
0.20469,20-05-2020 12:22:37,1589970157
0.2047,20-05-2020 12:22:37,1589970157
0.20443,20-05-2020 12:22:38,1589970158
0.20443,20-05-2020 12:22:38,1589970158
0.20465,20-05-2020 12:22:53,1589970173
0.20468,20-05-2020 12:22:53,1589970173
0.2047,20-05-2020 12:22:53,1589970173
0.20444,20-05-2020 12:22:53,1589970173
0.20446,20-05-2020 12:23:24,1589970204
0.20442,20-05-2020 12:23:24,1589970204
0.20441,20-05-2020 12:23:24,1589970204
0.2044,20-05-2020 12:23:24,1589970204
0.2044,20-05-2020 12:23:24,1589970204
0.20438,20-05-2020 12:23:24,1589970204
0.20459,20-05-2020 12:24:00,1589970240
0.20437,20-05-2020 12:24:39,1589970279
0.20457,20-05-2020 12:25:21,1589970321
0.20461,20-05-2020 12:25:21,1589970321
0.20462,20-05-2020 12:25:21,1589970321
0.20463,20-05-2020 12:25:21,1589970321
0.20463,20-05-2020 12:25:21,1589970321
0.20462,20-05-2020 12:25:22,1589970322
0.20462,20-05-2020 12:25:38,1589970338
0.20463,20-05-2020 12:25:38,1589970338
0.20442,20-05-2020 12:26:20,1589970380
0.20446,20-05-2020 12:26:20,1589970380
0.20448,20-05-2020 12:26:20,1589970380
0.20449,20-05-2020 12:26:20,1589970380
0.20449,20-05-2020 12:26:20,1589970380
0.20439,20-05-2020 12:26:39,1589970399
0.20439,20-05-2020 12:27:25,1589970445
0.20439,20-05-2020 12:27:25,1589970445
0.20436,20-05-2020 12:27:25,1589970445
0.20436,20-05-2020 12:27:25,1589970445
0.20435,20-05-2020 12:27:25,1589970445
0.20435,20-05-2020 12:27:25,1589970445
0.20433,20-05-2020 12:27:25,1589970445
0.20449,20-05-2020 12:28:24,1589970504
0.20452,20-05-2020 12:28:28,1589970508
0.20455,20-05-2020 12:28:38,1589970518
0.20455,20-05-2020 12:28:38,1589970518
0.2044,20-05-2020 12:28:40,1589970520
0.20439,20-05-2020 12:29:30,1589970570
0.20439,20-05-2020 12:29:30,1589970570
0.20437,20-05-2020 12:29:30,1589970570
0.20435,20-05-2020 12:29:30,1589970570
0.20435,20-05-2020 12:29:30,1589970570
0.20434,20-05-2020 12:29:30,1589970570
0.20433,20-05-2020 12:29:30,1589970570
0.20432,20-05-2020 12:29:30,1589970570
0.20431,20-05-2020 12:29:30,1589970570
0.2043,20-05-2020 12:29:30,1589970570
0.20429,20-05-2020 12:29:30,1589970570
0.20429,20-05-2020 12:29:30,1589970570
0.20428,20-05-2020 12:29:30,1589970570
0.20459,20-05-2020 12:30:32,1589970632
0.20462,20-05-2020 12:30:35,1589970635
0.20465,20-05-2020 12:30:36,1589970636
0.20449,20-05-2020 12:30:40,1589970640
0.20467,20-05-2020 12:31:08,1589970668
0.20468,20-05-2020 12:31:19,1589970679
0.20471,20-05-2020 12:31:20,1589970680
0.20474,20-05-2020 12:31:21,1589970681
0.20476,20-05-2020 12:31:23,1589970683
0.20477,20-05-2020 12:31:23,1589970683
0.2048,20-05-2020 12:31:23,1589970683
0.20483,20-05-2020 12:31:23,1589970683
0.20487,20-05-2020 12:31:23,1589970683
0.20488,20-05-2020 12:31:23,1589970683
0.20488,20-05-2020 12:31:23,1589970683
0.20488,20-05-2020 12:31:23,1589970683
0.20489,20-05-2020 12:31:23,1589970683
0.20491,20-05-2020 12:31:23,1589970683
0.20476,20-05-2020 12:31:23,1589970683
0.20487,20-05-2020 12:32:18,1589970738
0.20491,20-05-2020 12:32:18,1589970738
0.20491,20-05-2020 12:32:18,1589970738
0.20492,20-05-2020 12:32:18,1589970738
0.20492,20-05-2020 12:32:18,1589970738
0.2048,20-05-2020 12:32:32,1589970752
0.2048,20-05-2020 12:32:32,1589970752
0.2048,20-05-2020 12:32:32,1589970752
0.20469,20-05-2020 12:32:42,1589970762
0.20496,20-05-2020 12:33:20,1589970800
0.20496,20-05-2020 12:33:21,1589970801
0.20499,20-05-2020 12:33:21,1589970801
0.20499,20-05-2020 12:33:21,1589970801
0.205,20-05-2020 12:33:22,1589970802
0.20501,20-05-2020 12:33:22,1589970802
0.20501,20-05-2020 12:33:22,1589970802
0.20503,20-05-2020 12:33:22,1589970802
0.20503,20-05-2020 12:33:22,1589970802
0.20505,20-05-2020 12:33:22,1589970802
0.20531,20-05-2020 12:33:38,1589970818
0.20519,20-05-2020 12:34:42,1589970882
0.20506,20-05-2020 12:35:15,1589970915
0.20506,20-05-2020 12:35:15,1589970915
0.20505,20-05-2020 12:35:15,1589970915
0.20502,20-05-2020 12:35:30,1589970930
0.20479,20-05-2020 12:35:42,1589970942
0.20502,20-05-2020 12:36:02,1589970962
0.20502,20-05-2020 12:36:14,1589970974
0.20482,20-05-2020 12:36:30,1589970990
0.20479,20-05-2020 12:36:30,1589970990
0.20479,20-05-2020 12:36:30,1589970990
0.20479,20-05-2020 12:36:30,1589970990
0.20478,20-05-2020 12:36:30,1589970990
0.20478,20-05-2020 12:36:38,1589970998
0.20477,20-05-2020 12:36:38,1589970998
0.20478,20-05-2020 12:36:42,1589971002
0.20478,20-05-2020 12:36:48,1589971008
0.20499,20-05-2020 12:37:28,1589971048
0.20471,20-05-2020 12:37:51,1589971071
0.20493,20-05-2020 12:37:52,1589971071
0.20488,20-05-2020 12:38:38,1589971118
0.20463,20-05-2020 12:38:43,1589971123
0.20461,20-05-2020 12:39:24,1589971164
0.20461,20-05-2020 12:39:24,1589971164
0.20462,20-05-2020 12:39:24,1589971164
0.20462,20-05-2020 12:39:24,1589971164
0.20464,20-05-2020 12:39:25,1589971164
0.20464,20-05-2020 12:39:25,1589971164
0.20469,20-05-2020 12:39:25,1589971164
0.2047,20-05-2020 12:39:25,1589971164
0.20472,20-05-2020 12:39:25,1589971164
0.20472,20-05-2020 12:39:25,1589971164
0.20468,20-05-2020 12:39:38,1589971178
0.20464,20-05-2020 12:40:23,1589971223
0.20464,20-05-2020 12:40:23,1589971223
0.20468,20-05-2020 12:40:23,1589971223
0.20468,20-05-2020 12:40:23,1589971223
0.20469,20-05-2020 12:40:23,1589971223
0.20471,20-05-2020 12:40:23,1589971223
0.20471,20-05-2020 12:40:23,1589971223
0.20472,20-05-2020 12:40:23,1589971223
0.20471,20-05-2020 12:40:41,1589971241
0.20472,20-05-2020 12:40:41,1589971241
0.20445,20-05-2020 12:40:43,1589971243
0.20474,20-05-2020 12:40:58,1589971258
0.20477,20-05-2020 12:40:58,1589971258
0.2048,20-05-2020 12:40:58,1589971258
0.20468,20-05-2020 12:41:25,1589971285
0.20468,20-05-2020 12:41:25,1589971285
0.20468,20-05-2020 12:41:25,1589971285
0.20467,20-05-2020 12:41:25,1589971285
0.20466,20-05-2020 12:41:25,1589971285
0.20466,20-05-2020 12:41:25,1589971285
0.20465,20-05-2020 12:41:25,1589971285
0.20464,20-05-2020 12:41:25,1589971285
0.20464,20-05-2020 12:41:25,1589971285
0.20464,20-05-2020 12:41:25,1589971285
0.20463,20-05-2020 12:41:25,1589971285
0.2048,20-05-2020 12:42:03,1589971323
0.20483,20-05-2020 12:42:03,1589971323
0.20483,20-05-2020 12:42:04,1589971324
0.20483,20-05-2020 12:42:04,1589971324
0.20483,20-05-2020 12:42:05,1589971325
0.20494,20-05-2020 12:42:05,1589971325
0.20493,20-05-2020 12:42:06,1589971326
0.20493,20-05-2020 12:42:07,1589971327
0.20493,20-05-2020 12:42:08,1589971328
0.20493,20-05-2020 12:42:08,1589971328
0.20493,20-05-2020 12:42:09,1589971329
0.20493,20-05-2020 12:42:10,1589971330
0.20493,20-05-2020 12:42:11,1589971331
0.20493,20-05-2020 12:42:11,1589971331
0.20493,20-05-2020 12:42:12,1589971332
0.20493,20-05-2020 12:42:13,1589971333
0.20494,20-05-2020 12:42:13,1589971333
0.20493,20-05-2020 12:42:14,1589971334
0.20493,20-05-2020 12:42:16,1589971336
0.20493,20-05-2020 12:42:18,1589971338
0.20493,20-05-2020 12:42:18,1589971338
0.20493,20-05-2020 12:42:19,1589971339
0.20493,20-05-2020 12:42:19,1589971339
0.20493,20-05-2020 12:42:19,1589971339
0.20494,20-05-2020 12:42:19,1589971339
0.20494,20-05-2020 12:42:19,1589971339
0.20494,20-05-2020 12:42:20,1589971340
0.20493,20-05-2020 12:42:21,1589971341
0.20493,20-05-2020 12:42:23,1589971343
0.20493,20-05-2020 12:42:24,1589971344
0.20493,20-05-2020 12:42:26,1589971346
0.20493,20-05-2020 12:42:26,1589971346
0.20493,20-05-2020 12:42:27,1589971346
0.20493,20-05-2020 12:42:27,1589971347
0.20493,20-05-2020 12:42:28,1589971348
0.20493,20-05-2020 12:42:29,1589971349
0.20493,20-05-2020 12:42:30,1589971350
0.20493,20-05-2020 12:42:32,1589971351
0.20494,20-05-2020 12:42:33,1589971353
0.20469,20-05-2020 12:42:44,1589971363
0.20472,20-05-2020 12:44:28,1589971468
0.20472,20-05-2020 12:44:28,1589971468
0.20472,20-05-2020 12:44:28,1589971468
0.2047,20-05-2020 12:44:28,1589971468
0.20469,20-05-2020 12:44:28,1589971468
0.20469,20-05-2020 12:44:28,1589971468
0.20469,20-05-2020 12:44:28,1589971468
0.20468,20-05-2020 12:44:28,1589971468
0.20468,20-05-2020 12:44:28,1589971468
0.20468,20-05-2020 12:44:28,1589971468
0.20467,20-05-2020 12:44:28,1589971468
0.20467,20-05-2020 12:44:28,1589971468
0.20467,20-05-2020 12:44:44,1589971484
0.20492,20-05-2020 12:45:00,1589971499
0.20494,20-05-2020 12:45:00,1589971499
0.20497,20-05-2020 12:45:00,1589971499
0.20496,20-05-2020 12:45:15,1589971515
0.20497,20-05-2020 12:45:15,1589971515
0.20499,20-05-2020 12:45:15,1589971515
0.20497,20-05-2020 12:45:23,1589971522
0.20499,20-05-2020 12:45:23,1589971522
0.20499,20-05-2020 12:45:23,1589971522
0.205,20-05-2020 12:45:23,1589971522
0.20501,20-05-2020 12:45:23,1589971522
0.20501,20-05-2020 12:45:23,1589971522
0.20502,20-05-2020 12:45:23,1589971522
0.20503,20-05-2020 12:45:23,1589971522
0.20503,20-05-2020 12:45:23,1589971522
0.20503,20-05-2020 12:45:23,1589971522
0.20504,20-05-2020 12:45:23,1589971522
0.20506,20-05-2020 12:45:23,1589971522
0.20506,20-05-2020 12:45:23,1589971522
0.20507,20-05-2020 12:45:23,1589971522
0.20508,20-05-2020 12:45:23,1589971522
0.20509,20-05-2020 12:45:23,1589971522
0.20511,20-05-2020 12:45:23,1589971522
0.20511,20-05-2020 12:45:23,1589971522
0.2051,20-05-2020 12:45:41,1589971541
0.20477,20-05-2020 12:46:44,1589971604
0.20491,20-05-2020 12:47:04,1589971623
0.20464,20-05-2020 12:47:22,1589971642
0.20471,20-05-2020 12:48:44,1589971724
0.20493,20-05-2020 12:48:53,1589971733
0.20496,20-05-2020 12:48:54,1589971734
0.20499,20-05-2020 12:48:55,1589971735
0.20502,20-05-2020 12:49:01,1589971741
0.2051,20-05-2020 12:49:11,1589971750
0.20509,20-05-2020 12:49:19,1589971759
0.20495,20-05-2020 12:50:17,1589971817
0.20497,20-05-2020 12:50:29,1589971829
0.20497,20-05-2020 12:50:29,1589971829
0.20497,20-05-2020 12:50:29,1589971829
0.20496,20-05-2020 12:50:29,1589971829
0.20496,20-05-2020 12:50:29,1589971829
0.20495,20-05-2020 12:50:29,1589971829
0.20495,20-05-2020 12:50:30,1589971829
0.20494,20-05-2020 12:50:30,1589971829
0.20494,20-05-2020 12:50:30,1589971829
0.20493,20-05-2020 12:50:30,1589971829
0.20493,20-05-2020 12:50:30,1589971829
0.20491,20-05-2020 12:50:30,1589971829
0.20491,20-05-2020 12:50:30,1589971829
0.2049,20-05-2020 12:50:30,1589971829
0.20493,20-05-2020 12:50:45,1589971845
0.20511,20-05-2020 12:51:20,1589971880
0.20511,20-05-2020 12:51:20,1589971880
0.20511,20-05-2020 12:51:20,1589971880
0.20512,20-05-2020 12:51:20,1589971880
0.20488,20-05-2020 12:51:48,1589971908
0.20503,20-05-2020 12:52:22,1589971942
0.20503,20-05-2020 12:52:22,1589971942
0.20503,20-05-2020 12:52:22,1589971942
0.20504,20-05-2020 12:52:22,1589971942
0.20504,20-05-2020 12:52:22,1589971942
0.20504,20-05-2020 12:52:22,1589971942
0.20505,20-05-2020 12:52:22,1589971942
0.20505,20-05-2020 12:52:22,1589971942
0.20505,20-05-2020 12:52:22,1589971942
0.20506,20-05-2020 12:52:22,1589971942
0.20506,20-05-2020 12:52:22,1589971942
0.20506,20-05-2020 12:52:22,1589971942
0.20506,20-05-2020 12:52:22,1589971942
0.20506,20-05-2020 12:52:22,1589971942
0.20507,20-05-2020 12:52:22,1589971942
0.20507,20-05-2020 12:52:22,1589971942
0.20507,20-05-2020 12:52:22,1589971942
0.20477,20-05-2020 12:52:22,1589971942
0.20477,20-05-2020 12:52:22,1589971942
0.20476,20-05-2020 12:52:22,1589971942
0.20476,20-05-2020 12:52:22,1589971942
0.20475,20-05-2020 12:52:22,1589971942
0.20472,20-05-2020 12:52:23,1589971942
0.20473,20-05-2020 12:52:45,1589971965
0.20462,20-05-2020 12:53:43,1589972023
0.20462,20-05-2020 12:53:59,1589972039
0.20462,20-05-2020 12:54:14,1589972054
0.20462,20-05-2020 12:54:14,1589972054
0.20462,20-05-2020 12:54:14,1589972054
0.20484,20-05-2020 12:54:18,1589972058
0.20484,20-05-2020 12:54:18,1589972058
0.20486,20-05-2020 12:54:18,1589972058
0.20487,20-05-2020 12:54:18,1589972058
0.20487,20-05-2020 12:54:18,1589972058
0.20488,20-05-2020 12:54:18,1589972058
0.20461,20-05-2020 12:54:46,1589972085
0.20484,20-05-2020 12:55:33,1589972133
0.20484,20-05-2020 12:55:33,1589972133
0.20485,20-05-2020 12:55:33,1589972133
0.2046,20-05-2020 12:56:19,1589972179
0.20485,20-05-2020 12:56:25,1589972185
0.20488,20-05-2020 12:56:26,1589972186
0.20488,20-05-2020 12:56:26,1589972186
0.20491,20-05-2020 12:56:26,1589972186
0.20494,20-05-2020 12:56:30,1589972190
0.20497,20-05-2020 12:56:30,1589972190
0.20497,20-05-2020 12:56:30,1589972190
0.20487,20-05-2020 12:56:32,1589972192
0.20487,20-05-2020 12:56:32,1589972192
0.20486,20-05-2020 12:56:32,1589972192
0.20486,20-05-2020 12:56:32,1589972192
0.20484,20-05-2020 12:56:32,1589972192
0.20484,20-05-2020 12:56:32,1589972192
0.20482,20-05-2020 12:56:32,1589972192
0.20481,20-05-2020 12:56:32,1589972192
0.2048,20-05-2020 12:56:32,1589972192
0.20477,20-05-2020 12:56:32,1589972192
0.20474,20-05-2020 12:56:32,1589972192
0.20471,20-05-2020 12:56:32,1589972192
0.2047,20-05-2020 12:56:32,1589972192
0.20481,20-05-2020 12:56:46,1589972206
0.20477,20-05-2020 12:58:46,1589972326
0.20498,20-05-2020 13:00:22,1589972422
0.20498,20-05-2020 13:00:22,1589972422
0.20499,20-05-2020 13:00:22,1589972422
0.205,20-05-2020 13:00:22,1589972422
0.205,20-05-2020 13:00:22,1589972422
0.20501,20-05-2020 13:00:22,1589972422
0.20501,20-05-2020 13:00:22,1589972422
0.205,20-05-2020 13:00:40,1589972440
0.20501,20-05-2020 13:00:40,1589972440
0.20504,20-05-2020 13:00:40,1589972440
0.20479,20-05-2020 13:00:46,1589972446
0.20481,20-05-2020 13:01:04,1589972464
0.20481,20-05-2020 13:01:04,1589972464
0.2048,20-05-2020 13:01:04,1589972464
0.20481,20-05-2020 13:01:22,1589972482
0.20505,20-05-2020 13:01:23,1589972483
0.20506,20-05-2020 13:01:23,1589972483
0.20507,20-05-2020 13:01:23,1589972483
0.20508,20-05-2020 13:01:23,1589972483
0.20508,20-05-2020 13:01:23,1589972483
0.20509,20-05-2020 13:01:23,1589972483
0.2051,20-05-2020 13:01:23,1589972483
0.20511,20-05-2020 13:01:23,1589972483
0.20511,20-05-2020 13:01:23,1589972483
0.20494,20-05-2020 13:02:12,1589972532
0.20512,20-05-2020 13:02:18,1589972538
0.20512,20-05-2020 13:02:18,1589972538
0.20515,20-05-2020 13:02:18,1589972538
0.20517,20-05-2020 13:02:18,1589972538
0.20518,20-05-2020 13:02:18,1589972538
0.20519,20-05-2020 13:02:18,1589972538
0.20519,20-05-2020 13:02:18,1589972538
0.20521,20-05-2020 13:02:18,1589972538
0.20522,20-05-2020 13:02:18,1589972538
0.20522,20-05-2020 13:02:18,1589972538
0.20496,20-05-2020 13:02:46,1589972566
0.20519,20-05-2020 13:03:05,1589972585
0.20519,20-05-2020 13:03:05,1589972585
0.20519,20-05-2020 13:03:09,1589972589
0.20519,20-05-2020 13:03:11,1589972591
0.20519,20-05-2020 13:03:12,1589972592
0.20519,20-05-2020 13:03:14,1589972594
0.20519,20-05-2020 13:03:16,1589972596
0.20519,20-05-2020 13:03:17,1589972597
0.20519,20-05-2020 13:03:18,1589972598
0.20519,20-05-2020 13:03:19,1589972599
0.20522,20-05-2020 13:03:22,1589972601
0.20522,20-05-2020 13:03:24,1589972604
0.20523,20-05-2020 13:03:25,1589972605
0.20525,20-05-2020 13:03:26,1589972606
0.20525,20-05-2020 13:03:28,1589972607
0.20525,20-05-2020 13:03:29,1589972609
0.20525,20-05-2020 13:03:30,1589972610
0.20523,20-05-2020 13:03:33,1589972613
0.20523,20-05-2020 13:03:34,1589972614
0.20523,20-05-2020 13:03:35,1589972615
0.20523,20-05-2020 13:03:37,1589972617
0.20523,20-05-2020 13:03:39,1589972618
0.20523,20-05-2020 13:03:40,1589972620
0.20524,20-05-2020 13:03:42,1589972622
0.20524,20-05-2020 13:03:44,1589972624
0.20524,20-05-2020 13:03:45,1589972625
0.20524,20-05-2020 13:03:47,1589972627
0.20524,20-05-2020 13:03:49,1589972628
0.20524,20-05-2020 13:03:50,1589972630
0.20526,20-05-2020 13:03:51,1589972631
0.20523,20-05-2020 13:03:53,1589972633
0.20523,20-05-2020 13:04:11,1589972651
0.20503,20-05-2020 13:04:47,1589972687
0.20525,20-05-2020 13:04:58,1589972698
0.20504,20-05-2020 13:05:19,1589972719
0.20503,20-05-2020 13:05:44,1589972744
0.20503,20-05-2020 13:06:13,1589972773
0.20503,20-05-2020 13:06:14,1589972774
0.205,20-05-2020 13:06:14,1589972774
0.205,20-05-2020 13:06:14,1589972774
0.20498,20-05-2020 13:06:15,1589972774
0.20489,20-05-2020 13:06:48,1589972808
0.2052,20-05-2020 13:07:19,1589972839
0.20522,20-05-2020 13:07:20,1589972839
0.20494,20-05-2020 13:07:34,1589972854
0.20494,20-05-2020 13:07:34,1589972854
0.20522,20-05-2020 13:07:35,1589972855
0.20494,20-05-2020 13:07:42,1589972862
0.20493,20-05-2020 13:07:42,1589972862
0.20493,20-05-2020 13:07:42,1589972862
0.20493,20-05-2020 13:07:42,1589972862
0.20492,20-05-2020 13:07:42,1589972862
0.20492,20-05-2020 13:07:42,1589972862
0.2049,20-05-2020 13:07:51,1589972871
0.20489,20-05-2020 13:07:51,1589972871
0.20491,20-05-2020 13:08:01,1589972881
0.2049,20-05-2020 13:08:01,1589972881
0.2049,20-05-2020 13:08:10,1589972890
0.2049,20-05-2020 13:08:10,1589972890
0.20489,20-05-2020 13:08:10,1589972890
0.20489,20-05-2020 13:08:10,1589972890
0.2049,20-05-2020 13:08:19,1589972899
0.20488,20-05-2020 13:08:19,1589972899
0.20488,20-05-2020 13:08:19,1589972899
0.20515,20-05-2020 13:08:24,1589972904
0.20515,20-05-2020 13:08:24,1589972904
0.20516,20-05-2020 13:08:24,1589972904
0.20516,20-05-2020 13:08:24,1589972904
0.20517,20-05-2020 13:08:24,1589972904
0.20517,20-05-2020 13:08:24,1589972904
0.20518,20-05-2020 13:08:24,1589972904
0.20518,20-05-2020 13:08:24,1589972904
0.20518,20-05-2020 13:08:24,1589972904
0.20519,20-05-2020 13:08:24,1589972904
0.20519,20-05-2020 13:08:24,1589972904
0.20521,20-05-2020 13:08:24,1589972904
0.20492,20-05-2020 13:08:29,1589972909
0.20492,20-05-2020 13:08:29,1589972909
0.20491,20-05-2020 13:08:29,1589972909
0.20494,20-05-2020 13:08:38,1589972918
0.20493,20-05-2020 13:08:38,1589972918
0.20494,20-05-2020 13:08:48,1589972928
0.20491,20-05-2020 13:08:48,1589972928
0.20491,20-05-2020 13:08:48,1589972928
0.20491,20-05-2020 13:08:53,1589972933
0.2049,20-05-2020 13:08:53,1589972933
0.20487,20-05-2020 13:08:53,1589972933
0.20483,20-05-2020 13:08:53,1589972933
0.20482,20-05-2020 13:08:53,1589972933
0.2048,20-05-2020 13:08:53,1589972933
0.20479,20-05-2020 13:08:53,1589972933
0.20487,20-05-2020 13:08:57,1589972937
0.20484,20-05-2020 13:08:57,1589972937
0.20482,20-05-2020 13:08:57,1589972937
0.20481,20-05-2020 13:09:06,1589972946
0.20481,20-05-2020 13:09:06,1589972946
0.20479,20-05-2020 13:09:06,1589972946
0.20478,20-05-2020 13:09:06,1589972946
0.2048,20-05-2020 13:09:16,1589972956
0.2048,20-05-2020 13:09:16,1589972956
0.2048,20-05-2020 13:09:16,1589972956
0.20479,20-05-2020 13:09:16,1589972956
0.20503,20-05-2020 13:09:51,1589972991
0.20504,20-05-2020 13:09:51,1589972991
0.20481,20-05-2020 13:09:54,1589972994
0.20478,20-05-2020 13:09:54,1589972994
0.20478,20-05-2020 13:10:03,1589973003
0.20477,20-05-2020 13:10:03,1589973003
0.20503,20-05-2020 13:10:20,1589973020
0.20504,20-05-2020 13:10:20,1589973020
0.20504,20-05-2020 13:10:20,1589973020
0.20504,20-05-2020 13:10:37,1589973037
0.20504,20-05-2020 13:10:37,1589973037
0.20504,20-05-2020 13:10:37,1589973037
0.20481,20-05-2020 13:10:48,1589973048
0.20478,20-05-2020 13:11:21,1589973081
0.20476,20-05-2020 13:11:21,1589973081
0.20475,20-05-2020 13:11:21,1589973081
0.20502,20-05-2020 13:11:47,1589973107
0.20502,20-05-2020 13:12:00,1589973120
0.20502,20-05-2020 13:12:01,1589973121
0.20501,20-05-2020 13:12:04,1589973124
0.20502,20-05-2020 13:12:18,1589973138
0.20503,20-05-2020 13:12:18,1589973138
0.20504,20-05-2020 13:12:18,1589973138
0.20505,20-05-2020 13:12:18,1589973138
0.20481,20-05-2020 13:12:48,1589973168
0.2048,20-05-2020 13:12:48,1589973168
0.20478,20-05-2020 13:12:48,1589973168
0.2049,20-05-2020 13:13:49,1589973229
0.2049,20-05-2020 13:13:57,1589973237
0.20479,20-05-2020 13:13:57,1589973237
0.20476,20-05-2020 13:14:18,1589973258
0.20471,20-05-2020 13:14:48,1589973288
0.20471,20-05-2020 13:14:52,1589973292
0.20471,20-05-2020 13:14:52,1589973292
0.20447,20-05-2020 13:15:19,1589973319
0.20471,20-05-2020 13:15:19,1589973319
0.20471,20-05-2020 13:15:19,1589973319
0.20472,20-05-2020 13:15:19,1589973319
0.20471,20-05-2020 13:16:23,1589973383
0.20471,20-05-2020 13:16:23,1589973383
0.20472,20-05-2020 13:16:23,1589973383
0.20472,20-05-2020 13:16:23,1589973383
0.20472,20-05-2020 13:16:23,1589973383
0.20472,20-05-2020 13:16:23,1589973383
0.20473,20-05-2020 13:16:23,1589973383
0.20472,20-05-2020 13:16:33,1589973393
0.2045,20-05-2020 13:16:49,1589973409
0.2045,20-05-2020 13:16:49,1589973409
0.2045,20-05-2020 13:16:50,1589973410
0.20449,20-05-2020 13:16:50,1589973410
0.20448,20-05-2020 13:16:50,1589973410
0.20448,20-05-2020 13:16:50,1589973410
0.20447,20-05-2020 13:16:50,1589973410
0.20447,20-05-2020 13:16:50,1589973410
0.20446,20-05-2020 13:16:57,1589973417
0.20445,20-05-2020 13:16:57,1589973417
0.20439,20-05-2020 13:18:50,1589973530
0.20468,20-05-2020 13:19:21,1589973561
0.2047,20-05-2020 13:20:18,1589973618
0.20446,20-05-2020 13:20:43,1589973643
0.20444,20-05-2020 13:20:43,1589973643
0.20443,20-05-2020 13:20:43,1589973643
0.20442,20-05-2020 13:20:43,1589973643
0.20442,20-05-2020 13:20:50,1589973650
0.20443,20-05-2020 13:21:12,1589973672
0.20442,20-05-2020 13:21:12,1589973672
0.20471,20-05-2020 13:21:31,1589973691
0.20473,20-05-2020 13:21:40,1589973700
0.20473,20-05-2020 13:21:42,1589973702
0.20473,20-05-2020 13:21:46,1589973706
0.20479,20-05-2020 13:21:46,1589973706
0.20482,20-05-2020 13:21:46,1589973706
0.20483,20-05-2020 13:21:46,1589973706
0.20484,20-05-2020 13:21:46,1589973706
0.20485,20-05-2020 13:21:46,1589973706
0.20486,20-05-2020 13:21:46,1589973706
0.20488,20-05-2020 13:21:46,1589973706
0.20489,20-05-2020 13:21:46,1589973706
0.20473,20-05-2020 13:21:58,1589973718
0.20478,20-05-2020 13:22:34,1589973754
0.20459,20-05-2020 13:22:49,1589973769
0.20459,20-05-2020 13:22:49,1589973769
0.20458,20-05-2020 13:22:49,1589973769
0.20458,20-05-2020 13:22:50,1589973770
0.20459,20-05-2020 13:22:57,1589973777
0.20459,20-05-2020 13:22:57,1589973777
0.20459,20-05-2020 13:22:57,1589973777
0.20478,20-05-2020 13:23:04,1589973784
0.20478,20-05-2020 13:23:05,1589973785
0.20478,20-05-2020 13:23:06,1589973786
0.20478,20-05-2020 13:23:07,1589973787
0.20478,20-05-2020 13:23:08,1589973788
0.20478,20-05-2020 13:23:09,1589973789
0.20478,20-05-2020 13:23:10,1589973790
0.20478,20-05-2020 13:23:11,1589973791
0.20478,20-05-2020 13:23:12,1589973792
0.20478,20-05-2020 13:23:13,1589973793
0.20478,20-05-2020 13:23:14,1589973794
0.20478,20-05-2020 13:23:16,1589973796
0.20478,20-05-2020 13:23:17,1589973797
0.20478,20-05-2020 13:23:18,1589973798
0.20458,20-05-2020 13:23:19,1589973799
0.20478,20-05-2020 13:23:20,1589973800
0.20478,20-05-2020 13:23:22,1589973802
0.20478,20-05-2020 13:23:23,1589973803
0.20478,20-05-2020 13:23:25,1589973805
0.20458,20-05-2020 13:23:25,1589973805
0.20458,20-05-2020 13:23:26,1589973805
0.20456,20-05-2020 13:23:26,1589973805
0.20456,20-05-2020 13:23:26,1589973805
0.20456,20-05-2020 13:23:26,1589973805
0.20478,20-05-2020 13:23:26,1589973806
0.20478,20-05-2020 13:23:28,1589973808
0.20478,20-05-2020 13:23:29,1589973809
0.20478,20-05-2020 13:23:31,1589973811
0.20457,20-05-2020 13:23:34,1589973814
0.20456,20-05-2020 13:23:34,1589973814
0.20478,20-05-2020 13:23:34,1589973814
0.20478,20-05-2020 13:23:36,1589973816
0.20478,20-05-2020 13:23:37,1589973817
0.20478,20-05-2020 13:23:38,1589973818
0.20478,20-05-2020 13:23:39,1589973819
0.20478,20-05-2020 13:23:39,1589973819
0.20478,20-05-2020 13:23:40,1589973820
0.20478,20-05-2020 13:23:42,1589973822
0.20478,20-05-2020 13:23:43,1589973823
0.20457,20-05-2020 13:23:49,1589973829
0.20456,20-05-2020 13:23:49,1589973829
0.20478,20-05-2020 13:24:03,1589973843
0.20478,20-05-2020 13:24:06,1589973846
0.20477,20-05-2020 13:24:21,1589973860
0.20453,20-05-2020 13:24:51,1589973891
0.20477,20-05-2020 13:26:30,1589973990
0.20457,20-05-2020 13:26:51,1589974011
0.20457,20-05-2020 13:27:15,1589974035
0.20474,20-05-2020 13:27:19,1589974039
0.20474,20-05-2020 13:27:19,1589974039
0.20475,20-05-2020 13:27:19,1589974039
0.20458,20-05-2020 13:27:39,1589974059
0.20446,20-05-2020 13:28:33,1589974112
0.20445,20-05-2020 13:28:51,1589974131
0.2047,20-05-2020 13:29:02,1589974142
0.20471,20-05-2020 13:29:02,1589974142
0.20471,20-05-2020 13:29:19,1589974159
0.20471,20-05-2020 13:29:19,1589974159
0.20472,20-05-2020 13:29:19,1589974159
0.20473,20-05-2020 13:29:19,1589974159
0.20475,20-05-2020 13:29:19,1589974159
0.20475,20-05-2020 13:29:19,1589974159
0.20475,20-05-2020 13:30:01,1589974201
0.20448,20-05-2020 13:30:09,1589974209
0.20455,20-05-2020 13:30:11,1589974211
0.20452,20-05-2020 13:30:11,1589974211
0.20451,20-05-2020 13:30:12,1589974212
0.20451,20-05-2020 13:30:12,1589974212
0.20452,20-05-2020 13:30:12,1589974212
0.20452,20-05-2020 13:30:12,1589974212
0.20454,20-05-2020 13:30:12,1589974212
0.20454,20-05-2020 13:30:12,1589974212
0.20458,20-05-2020 13:30:12,1589974212
0.20441,20-05-2020 13:30:22,1589974222
0.20441,20-05-2020 13:30:22,1589974222
0.20441,20-05-2020 13:30:23,1589974223
0.20441,20-05-2020 13:30:23,1589974223
0.20449,20-05-2020 13:30:23,1589974223
0.2045,20-05-2020 13:30:23,1589974223
0.20451,20-05-2020 13:30:23,1589974223
0.20455,20-05-2020 13:30:29,1589974229
0.20456,20-05-2020 13:30:29,1589974229
0.20437,20-05-2020 13:30:50,1589974250
0.20439,20-05-2020 13:30:52,1589974251
0.20454,20-05-2020 13:31:50,1589974310
0.20454,20-05-2020 13:31:50,1589974310
0.20448,20-05-2020 13:31:50,1589974310
0.20448,20-05-2020 13:31:53,1589974313
0.20448,20-05-2020 13:31:53,1589974313
0.20447,20-05-2020 13:31:53,1589974313
0.20449,20-05-2020 13:32:00,1589974320
0.20449,20-05-2020 13:32:00,1589974320
0.20448,20-05-2020 13:32:00,1589974320
0.20447,20-05-2020 13:32:00,1589974320
0.20447,20-05-2020 13:32:00,1589974320
0.2045,20-05-2020 13:32:09,1589974329
0.2045,20-05-2020 13:32:09,1589974329
0.20448,20-05-2020 13:32:09,1589974329
0.20453,20-05-2020 13:32:20,1589974340
0.20453,20-05-2020 13:32:20,1589974340
0.20452,20-05-2020 13:32:20,1589974340
0.20452,20-05-2020 13:32:20,1589974340
0.20451,20-05-2020 13:32:20,1589974340
0.20457,20-05-2020 13:32:50,1589974370
0.20457,20-05-2020 13:32:52,1589974372
0.2046,20-05-2020 13:33:26,1589974406
0.20459,20-05-2020 13:33:26,1589974406
0.20458,20-05-2020 13:33:26,1589974406
0.20458,20-05-2020 13:33:26,1589974406
0.20457,20-05-2020 13:33:26,1589974406
0.20457,20-05-2020 13:33:26,1589974406
0.20456,20-05-2020 13:33:26,1589974406
0.20476,20-05-2020 13:33:50,1589974429
0.20479,20-05-2020 13:33:58,1589974438
0.20482,20-05-2020 13:34:00,1589974440
0.20491,20-05-2020 13:34:22,1589974462
0.20491,20-05-2020 13:34:22,1589974462
0.20492,20-05-2020 13:34:22,1589974462
0.20492,20-05-2020 13:34:22,1589974462
0.20493,20-05-2020 13:34:22,1589974462
0.20494,20-05-2020 13:34:22,1589974462
0.20495,20-05-2020 13:34:22,1589974462
0.20495,20-05-2020 13:34:22,1589974462
0.20495,20-05-2020 13:34:22,1589974462
0.20496,20-05-2020 13:34:22,1589974462
0.20497,20-05-2020 13:34:22,1589974462
0.20497,20-05-2020 13:34:22,1589974462
0.20498,20-05-2020 13:34:22,1589974462
0.20499,20-05-2020 13:34:22,1589974462
0.20502,20-05-2020 13:34:22,1589974462
0.20505,20-05-2020 13:34:22,1589974462
0.20505,20-05-2020 13:34:22,1589974462
0.20507,20-05-2020 13:34:22,1589974462
0.20475,20-05-2020 13:34:52,1589974492
0.20471,20-05-2020 13:34:52,1589974492
0.20473,20-05-2020 13:35:12,1589974512
0.20476,20-05-2020 13:35:51,1589974551
0.20476,20-05-2020 13:35:51,1589974551
0.20475,20-05-2020 13:35:51,1589974551
0.20475,20-05-2020 13:36:00,1589974560
0.20475,20-05-2020 13:36:00,1589974560
0.20471,20-05-2020 13:36:00,1589974560
0.20471,20-05-2020 13:36:10,1589974570
0.20471,20-05-2020 13:36:10,1589974570
0.20473,20-05-2020 13:36:52,1589974612
0.20496,20-05-2020 13:37:18,1589974638
0.20496,20-05-2020 13:37:18,1589974638
0.20497,20-05-2020 13:37:18,1589974638
0.20496,20-05-2020 13:37:41,1589974660
0.20496,20-05-2020 13:37:50,1589974670
0.20496,20-05-2020 13:37:50,1589974670
0.20497,20-05-2020 13:37:50,1589974670
0.20474,20-05-2020 13:38:42,1589974722
0.20497,20-05-2020 13:38:44,1589974724
0.20474,20-05-2020 13:38:52,1589974732
0.20475,20-05-2020 13:39:22,1589974762
0.20497,20-05-2020 13:39:22,1589974762
0.20475,20-05-2020 13:40:20,1589974820
0.20449,20-05-2020 13:40:52,1589974852
0.20444,20-05-2020 13:41:16,1589974876
0.20444,20-05-2020 13:41:16,1589974876
0.2044,20-05-2020 13:41:16,1589974876
0.2044,20-05-2020 13:41:16,1589974876
0.20457,20-05-2020 13:41:52,1589974912
0.20457,20-05-2020 13:42:01,1589974921
0.20457,20-05-2020 13:42:22,1589974942
0.20458,20-05-2020 13:42:22,1589974942
0.20459,20-05-2020 13:42:22,1589974942
0.20444,20-05-2020 13:42:52,1589974972
0.20444,20-05-2020 13:42:52,1589974972
0.20459,20-05-2020 13:43:04,1589974984
0.20459,20-05-2020 13:43:05,1589974985
0.20459,20-05-2020 13:43:06,1589974986
0.20459,20-05-2020 13:43:07,1589974987
0.20459,20-05-2020 13:43:07,1589974987
0.20459,20-05-2020 13:43:08,1589974988
0.20459,20-05-2020 13:43:10,1589974989
0.20459,20-05-2020 13:43:11,1589974991
0.20459,20-05-2020 13:43:12,1589974992
0.20459,20-05-2020 13:43:12,1589974992
0.20459,20-05-2020 13:43:13,1589974993
0.20459,20-05-2020 13:43:14,1589974994
0.20459,20-05-2020 13:43:15,1589974995
0.20459,20-05-2020 13:43:16,1589974996
0.20459,20-05-2020 13:43:17,1589974997
0.20459,20-05-2020 13:43:19,1589974999
0.20459,20-05-2020 13:43:20,1589975000
0.20459,20-05-2020 13:43:21,1589975001
0.20458,20-05-2020 13:43:23,1589975003
0.20458,20-05-2020 13:43:24,1589975004
0.20458,20-05-2020 13:43:25,1589975005
0.20458,20-05-2020 13:43:26,1589975006
0.20458,20-05-2020 13:43:27,1589975007
0.20458,20-05-2020 13:43:29,1589975009
0.20458,20-05-2020 13:43:30,1589975010
0.20458,20-05-2020 13:43:33,1589975013
0.20458,20-05-2020 13:43:34,1589975014
0.20458,20-05-2020 13:43:35,1589975015
0.20458,20-05-2020 13:43:37,1589975017
0.20458,20-05-2020 13:43:39,1589975019
0.20458,20-05-2020 13:44:00,1589975040
0.20458,20-05-2020 13:44:00,1589975040
0.20459,20-05-2020 13:44:00,1589975040
0.20459,20-05-2020 13:44:01,1589975041
0.20459,20-05-2020 13:44:02,1589975042
0.20442,20-05-2020 13:44:02,1589975042
0.20442,20-05-2020 13:44:02,1589975042
0.20441,20-05-2020 13:44:02,1589975042
0.20441,20-05-2020 13:44:02,1589975042
0.2044,20-05-2020 13:44:03,1589975042
0.20447,20-05-2020 13:44:09,1589975049
0.20466,20-05-2020 13:44:10,1589975049
0.20466,20-05-2020 13:44:11,1589975051
0.20448,20-05-2020 13:44:11,1589975051
0.20448,20-05-2020 13:44:11,1589975051
0.20466,20-05-2020 13:44:13,1589975053
0.20466,20-05-2020 13:44:14,1589975054
0.20466,20-05-2020 13:44:16,1589975056
0.20466,20-05-2020 13:44:18,1589975058
0.20449,20-05-2020 13:44:23,1589975062
0.20478,20-05-2020 13:44:41,1589975080
0.20455,20-05-2020 13:44:52,1589975092
0.20454,20-05-2020 13:44:52,1589975092
0.20451,20-05-2020 13:44:53,1589975093
0.2045,20-05-2020 13:44:53,1589975093
0.20455,20-05-2020 13:45:09,1589975109
0.2048,20-05-2020 13:45:20,1589975120
0.2048,20-05-2020 13:45:20,1589975120
0.20481,20-05-2020 13:45:20,1589975120
0.20482,20-05-2020 13:45:20,1589975120
0.20482,20-05-2020 13:45:20,1589975120
0.20482,20-05-2020 13:45:20,1589975120
0.20483,20-05-2020 13:45:20,1589975120
0.20482,20-05-2020 13:45:36,1589975136
0.20482,20-05-2020 13:45:36,1589975136
0.20483,20-05-2020 13:45:36,1589975136
0.20456,20-05-2020 13:46:03,1589975163
0.20456,20-05-2020 13:46:03,1589975163
0.20455,20-05-2020 13:46:03,1589975163
0.20455,20-05-2020 13:46:03,1589975163
0.20454,20-05-2020 13:46:03,1589975163
0.20453,20-05-2020 13:46:53,1589975213
0.20454,20-05-2020 13:47:27,1589975247
0.20454,20-05-2020 13:47:27,1589975247
0.20478,20-05-2020 13:48:25,1589975304
0.20478,20-05-2020 13:48:25,1589975304
0.20478,20-05-2020 13:48:25,1589975304
0.20479,20-05-2020 13:48:25,1589975304
0.2048,20-05-2020 13:48:25,1589975304
0.20481,20-05-2020 13:48:25,1589975304
0.20481,20-05-2020 13:48:25,1589975304
0.20481,20-05-2020 13:48:25,1589975304
0.20482,20-05-2020 13:48:25,1589975304
0.20482,20-05-2020 13:48:25,1589975304
0.20484,20-05-2020 13:48:25,1589975304
0.20484,20-05-2020 13:48:25,1589975304
0.20484,20-05-2020 13:48:25,1589975304
0.20482,20-05-2020 13:48:51,1589975331
0.20458,20-05-2020 13:48:53,1589975333
0.20458,20-05-2020 13:48:53,1589975333
0.20456,20-05-2020 13:49:24,1589975364
0.20455,20-05-2020 13:49:24,1589975364
0.20455,20-05-2020 13:49:29,1589975369
0.20455,20-05-2020 13:49:29,1589975369
0.20454,20-05-2020 13:49:29,1589975369
0.20453,20-05-2020 13:49:29,1589975369
0.20453,20-05-2020 13:49:29,1589975369
0.20453,20-05-2020 13:49:29,1589975369
0.20453,20-05-2020 13:49:31,1589975371
0.20477,20-05-2020 13:50:19,1589975419
0.20477,20-05-2020 13:50:19,1589975419
0.20478,20-05-2020 13:50:19,1589975419
0.20479,20-05-2020 13:50:19,1589975419
0.20479,20-05-2020 13:50:19,1589975419
0.2048,20-05-2020 13:50:19,1589975419
0.20456,20-05-2020 13:50:54,1589975454
0.20465,20-05-2020 13:52:54,1589975574
0.20464,20-05-2020 13:53:10,1589975590
0.20487,20-05-2020 13:53:23,1589975603
0.20489,20-05-2020 13:53:23,1589975603
0.2049,20-05-2020 13:53:23,1589975603
0.20491,20-05-2020 13:53:41,1589975621
0.20464,20-05-2020 13:53:51,1589975631
0.20486,20-05-2020 13:54:00,1589975640
0.20489,20-05-2020 13:54:00,1589975640
0.2049,20-05-2020 13:54:19,1589975658
0.2049,20-05-2020 13:54:19,1589975659
0.20491,20-05-2020 13:54:19,1589975659
0.20491,20-05-2020 13:54:19,1589975659
0.20492,20-05-2020 13:54:19,1589975659
0.20493,20-05-2020 13:54:19,1589975659
0.20492,20-05-2020 13:54:30,1589975670
0.20492,20-05-2020 13:54:30,1589975670
0.20466,20-05-2020 13:54:34,1589975674
0.20466,20-05-2020 13:54:34,1589975674
0.20465,20-05-2020 13:54:34,1589975674
0.20464,20-05-2020 13:54:34,1589975674
0.20464,20-05-2020 13:54:34,1589975674
0.20463,20-05-2020 13:54:34,1589975674
0.20491,20-05-2020 13:54:40,1589975680
0.20491,20-05-2020 13:54:40,1589975680
0.20492,20-05-2020 13:54:40,1589975680
0.20491,20-05-2020 13:54:50,1589975690
0.20491,20-05-2020 13:54:50,1589975690
0.20492,20-05-2020 13:54:50,1589975690
0.20464,20-05-2020 13:54:55,1589975695
0.20463,20-05-2020 13:54:55,1589975695
0.20463,20-05-2020 13:55:02,1589975702
0.20463,20-05-2020 13:55:02,1589975702
0.20462,20-05-2020 13:55:02,1589975702
0.20466,20-05-2020 13:56:13,1589975772
0.20466,20-05-2020 13:56:56,1589975816
0.20501,20-05-2020 13:57:21,1589975841
0.20502,20-05-2020 13:57:21,1589975841
0.20502,20-05-2020 13:57:21,1589975841
0.20504,20-05-2020 13:57:21,1589975841
0.20498,20-05-2020 13:57:39,1589975859
0.205,20-05-2020 13:57:39,1589975859
0.205,20-05-2020 13:57:39,1589975859
0.20501,20-05-2020 13:57:39,1589975859
0.20502,20-05-2020 13:57:39,1589975859
0.20493,20-05-2020 13:58:20,1589975900
0.20465,20-05-2020 13:58:27,1589975907
0.2045,20-05-2020 13:58:34,1589975914
0.20447,20-05-2020 13:58:34,1589975914
0.20444,20-05-2020 13:58:34,1589975914
0.20444,20-05-2020 13:58:37,1589975917
0.20466,20-05-2020 13:58:42,1589975922
0.20442,20-05-2020 13:58:56,1589975936
0.20442,20-05-2020 13:58:56,1589975936
0.20468,20-05-2020 13:59:25,1589975965
0.20469,20-05-2020 13:59:25,1589975965
0.2047,20-05-2020 13:59:25,1589975965
0.2047,20-05-2020 13:59:25,1589975965
0.2047,20-05-2020 13:59:25,1589975965
0.20471,20-05-2020 13:59:25,1589975965
0.20474,20-05-2020 13:59:25,1589975965
0.20475,20-05-2020 13:59:25,1589975965
0.20477,20-05-2020 13:59:25,1589975965
0.20477,20-05-2020 13:59:25,1589975965
0.20478,20-05-2020 13:59:25,1589975965
0.20477,20-05-2020 13:59:47,1589975986
0.20453,20-05-2020 13:59:51,1589975991
0.20453,20-05-2020 14:00:06,1589976006
0.20451,20-05-2020 14:00:18,1589976018
0.20451,20-05-2020 14:00:18,1589976018
0.20457,20-05-2020 14:00:30,1589976030
0.20457,20-05-2020 14:00:30,1589976030
0.20456,20-05-2020 14:00:30,1589976030
0.20456,20-05-2020 14:00:30,1589976030
0.20456,20-05-2020 14:00:30,1589976030
0.20456,20-05-2020 14:00:30,1589976030
0.20455,20-05-2020 14:00:30,1589976030
0.20454,20-05-2020 14:00:30,1589976030
0.20454,20-05-2020 14:00:30,1589976030
0.20453,20-05-2020 14:00:30,1589976030
0.20453,20-05-2020 14:00:30,1589976030
0.20454,20-05-2020 14:00:44,1589976044
0.20454,20-05-2020 14:00:44,1589976044
0.20453,20-05-2020 14:00:44,1589976044
0.20454,20-05-2020 14:00:51,1589976051
0.20453,20-05-2020 14:00:51,1589976051
0.20453,20-05-2020 14:00:57,1589976056
0.20484,20-05-2020 14:01:18,1589976077
0.20484,20-05-2020 14:01:18,1589976077
0.20485,20-05-2020 14:01:18,1589976077
0.20485,20-05-2020 14:01:18,1589976077
0.20478,20-05-2020 14:01:40,1589976100
0.20459,20-05-2020 14:02:57,1589976177
0.20458,20-05-2020 14:02:57,1589976177
0.20458,20-05-2020 14:02:57,1589976177
0.20481,20-05-2020 14:03:02,1589976182
0.20481,20-05-2020 14:03:03,1589976183
0.20481,20-05-2020 14:03:03,1589976183
0.20481,20-05-2020 14:03:04,1589976184
0.20481,20-05-2020 14:03:05,1589976185
0.20484,20-05-2020 14:03:05,1589976185
0.20484,20-05-2020 14:03:07,1589976187
0.20484,20-05-2020 14:03:08,1589976188
0.20486,20-05-2020 14:03:08,1589976188
0.20486,20-05-2020 14:03:09,1589976189
0.20486,20-05-2020 14:03:10,1589976190
0.20481,20-05-2020 14:03:11,1589976191
0.20486,20-05-2020 14:03:11,1589976191
0.20486,20-05-2020 14:03:12,1589976192
0.20486,20-05-2020 14:03:13,1589976193
0.20486,20-05-2020 14:03:14,1589976194
0.20486,20-05-2020 14:03:15,1589976195
0.20486,20-05-2020 14:03:16,1589976196
0.20485,20-05-2020 14:03:17,1589976197
0.20485,20-05-2020 14:03:18,1589976198
0.20485,20-05-2020 14:03:19,1589976199
0.20485,20-05-2020 14:03:20,1589976200
0.20485,20-05-2020 14:03:22,1589976202
0.20485,20-05-2020 14:03:22,1589976202
0.20486,20-05-2020 14:03:22,1589976202
0.20485,20-05-2020 14:03:23,1589976203
0.20485,20-05-2020 14:03:24,1589976204
0.20485,20-05-2020 14:03:26,1589976206
0.20485,20-05-2020 14:03:27,1589976207
0.20485,20-05-2020 14:03:28,1589976208
0.20485,20-05-2020 14:03:28,1589976208
0.20485,20-05-2020 14:03:29,1589976209
0.20485,20-05-2020 14:03:31,1589976211
0.20485,20-05-2020 14:03:33,1589976213
0.20485,20-05-2020 14:03:35,1589976215
0.20485,20-05-2020 14:03:37,1589976217
0.20481,20-05-2020 14:03:58,1589976237
0.2047,20-05-2020 14:03:58,1589976237
0.2047,20-05-2020 14:03:58,1589976237
0.20464,20-05-2020 14:03:58,1589976237
0.20462,20-05-2020 14:03:58,1589976237
0.20486,20-05-2020 14:04:34,1589976274
0.20462,20-05-2020 14:04:57,1589976297
0.20461,20-05-2020 14:04:57,1589976297
0.2048,20-05-2020 14:05:22,1589976322
0.2048,20-05-2020 14:06:00,1589976360
0.20479,20-05-2020 14:06:11,1589976371
0.20479,20-05-2020 14:06:11,1589976371
0.2048,20-05-2020 14:06:11,1589976371
0.2048,20-05-2020 14:06:11,1589976371
0.20453,20-05-2020 14:06:31,1589976391
0.20453,20-05-2020 14:06:31,1589976391
0.20452,20-05-2020 14:06:31,1589976391
0.20451,20-05-2020 14:06:31,1589976391
0.20451,20-05-2020 14:06:31,1589976391
0.2045,20-05-2020 14:06:31,1589976391
0.2045,20-05-2020 14:06:31,1589976391
0.20452,20-05-2020 14:06:58,1589976417
0.20452,20-05-2020 14:07:01,1589976421
0.20452,20-05-2020 14:07:01,1589976421
0.20451,20-05-2020 14:07:01,1589976421
0.20451,20-05-2020 14:07:02,1589976421
0.20451,20-05-2020 14:07:02,1589976421
0.20451,20-05-2020 14:07:10,1589976430
0.2045,20-05-2020 14:07:10,1589976430
0.2045,20-05-2020 14:07:10,1589976430
0.20475,20-05-2020 14:07:17,1589976437
0.20476,20-05-2020 14:07:17,1589976437
0.20476,20-05-2020 14:08:28,1589976508
0.2045,20-05-2020 14:08:58,1589976538
0.2045,20-05-2020 14:08:58,1589976538
0.20449,20-05-2020 14:08:58,1589976538
0.20449,20-05-2020 14:08:58,1589976538
0.20449,20-05-2020 14:09:21,1589976561
0.20449,20-05-2020 14:09:21,1589976561
0.20473,20-05-2020 14:10:24,1589976624
0.20473,20-05-2020 14:10:24,1589976624
0.20473,20-05-2020 14:10:24,1589976624
0.20474,20-05-2020 14:10:24,1589976624
0.20475,20-05-2020 14:10:24,1589976624
0.20475,20-05-2020 14:10:24,1589976624
0.20475,20-05-2020 14:10:24,1589976624
0.20475,20-05-2020 14:10:24,1589976624
0.20476,20-05-2020 14:10:24,1589976624
0.20476,20-05-2020 14:10:24,1589976624
0.20479,20-05-2020 14:10:24,1589976624
0.20453,20-05-2020 14:10:46,1589976646
0.20453,20-05-2020 14:10:48,1589976648
0.20453,20-05-2020 14:10:48,1589976648
0.20453,20-05-2020 14:10:48,1589976648
0.20453,20-05-2020 14:10:48,1589976648
0.20446,20-05-2020 14:10:58,1589976658
0.20445,20-05-2020 14:11:29,1589976689
0.20445,20-05-2020 14:12:04,1589976724
0.20445,20-05-2020 14:12:04,1589976724
0.20445,20-05-2020 14:12:13,1589976733
0.2044,20-05-2020 14:12:22,1589976742
0.20449,20-05-2020 14:12:49,1589976769
0.20449,20-05-2020 14:12:58,1589976778
0.20438,20-05-2020 14:12:58,1589976778
0.20437,20-05-2020 14:12:58,1589976778
0.20437,20-05-2020 14:13:28,1589976808
0.20438,20-05-2020 14:14:06,1589976846
0.20435,20-05-2020 14:14:28,1589976868
0.20435,20-05-2020 14:14:28,1589976868
0.20434,20-05-2020 14:14:28,1589976868
0.20433,20-05-2020 14:14:28,1589976868
0.20433,20-05-2020 14:14:28,1589976868
0.20432,20-05-2020 14:14:28,1589976868
0.2043,20-05-2020 14:14:28,1589976868
0.20429,20-05-2020 14:14:52,1589976892
0.20429,20-05-2020 14:14:58,1589976898
0.20451,20-05-2020 14:15:18,1589976918
0.20451,20-05-2020 14:15:18,1589976918
0.20452,20-05-2020 14:15:18,1589976918
0.20452,20-05-2020 14:15:18,1589976918
0.20452,20-05-2020 14:15:50,1589976950
0.20455,20-05-2020 14:15:50,1589976950
0.20456,20-05-2020 14:15:50,1589976950
0.20456,20-05-2020 14:16:00,1589976960
0.20458,20-05-2020 14:16:20,1589976980
0.20458,20-05-2020 14:16:20,1589976980
0.20458,20-05-2020 14:16:20,1589976980
0.20458,20-05-2020 14:16:20,1589976980
0.20459,20-05-2020 14:16:20,1589976980
0.2046,20-05-2020 14:16:20,1589976980
0.20452,20-05-2020 14:16:39,1589976999
0.20456,20-05-2020 14:16:39,1589976999
0.20457,20-05-2020 14:16:39,1589976999
0.2043,20-05-2020 14:16:58,1589977018
0.20455,20-05-2020 14:17:13,1589977033
0.20458,20-05-2020 14:17:13,1589977033
0.20461,20-05-2020 14:17:13,1589977033
0.20463,20-05-2020 14:17:13,1589977033
0.20437,20-05-2020 14:17:15,1589977035
0.20438,20-05-2020 14:17:22,1589977042
0.20438,20-05-2020 14:17:23,1589977042
0.20437,20-05-2020 14:17:23,1589977042
0.20446,20-05-2020 14:17:36,1589977056
0.20451,20-05-2020 14:18:58,1589977138
0.20462,20-05-2020 14:19:58,1589977198
0.20485,20-05-2020 14:20:20,1589977220
0.20487,20-05-2020 14:20:20,1589977220
0.20488,20-05-2020 14:20:20,1589977220
0.20492,20-05-2020 14:20:20,1589977220
0.20463,20-05-2020 14:20:29,1589977229
0.20463,20-05-2020 14:20:29,1589977229
0.20463,20-05-2020 14:20:29,1589977229
0.20473,20-05-2020 14:20:58,1589977258
0.20484,20-05-2020 14:21:01,1589977260
